TimeCreated,RecordId,Id,ProviderName,UserId,TaskDisplayName,Level,LevelDisplayName,MachineName,LogName,Message
1/30/2008 0:31,1,612,Security,S-1-5-18,Policy Change,0,Information,MACHINENAME,c:\users\marco\documents\test_evt\2008_01_30_1451_21_765_0f239d212ea6ad826e026a46f1a96e6a_secevent.evt,"Audit Policy Change: New Policy: Success Failure + + Logon/Logoff - - Object Access - - Privilege Use + + Account Management + + Policy Change + + System - - Detailed Tracking - - Directory Service Access + + Account Logon Changed By: User Name: MACHINENAME$ Domain Name: Logon ID: (0x0,0x3E7)"
1/30/2008 8:33,2,520,Security,S-1-5-18,System Event,0,Information,MACHINENAME,c:\users\marco\documents\test_evt\2008_01_30_1451_21_765_0f239d212ea6ad826e026a46f1a96e6a_secevent.evt,"The system time was changed. Process ID: 272 Process Name: C:\WINDOWS\system32\setup.exe Primary User Name: MACHINENAME$ Primary Domain: Primary Logon ID: (0x0,0x3E7) Client User Name: MACHINENAME$ Client Domain: Client Logon ID: (0x0,0x3E7) Previous Time: 5:33:45 AM 1/30/2008 New Time: 5:33:45 AM 1/30/2008 "
1/30/2008 8:33,3,612,Security,S-1-5-18,Policy Change,0,Information,MACHINENAME,c:\users\marco\documents\test_evt\2008_01_30_1451_21_765_0f239d212ea6ad826e026a46f1a96e6a_secevent.evt,"Audit Policy Change: New Policy: Success Failure + + Logon/Logoff - - Object Access - - Privilege Use + + Account Management + + Policy Change + + System - - Detailed Tracking - - Directory Service Access + + Account Logon Changed By: User Name: MACHINENAME$ Domain Name: Logon ID: (0x0,0x3E7)"
1/30/2008 8:33,4,612,Security,S-1-5-18,Policy Change,0,Information,MACHINENAME,c:\users\marco\documents\test_evt\2008_01_30_1451_21_765_0f239d212ea6ad826e026a46f1a96e6a_secevent.evt,"Audit Policy Change: New Policy: Success Failure + + Logon/Logoff - - Object Access - - Privilege Use + + Account Management + + Policy Change + + System - - Detailed Tracking - - Directory Service Access + + Account Logon Changed By: User Name: MACHINENAME$ Domain Name: Logon ID: (0x0,0x3E7)"
1/30/2008 8:33,5,528,Security,S-1-5-19,Logon/Logoff,0,Information,MACHINENAME,c:\users\marco\documents\test_evt\2008_01_30_1451_21_765_0f239d212ea6ad826e026a46f1a96e6a_secevent.evt,"Successful Logon: User Name: LOCAL SERVICE Domain: NT AUTHORITY Logon ID: (0x0,0x3E5) Logon Type: 5 Logon Process: Advapi Authentication Package: Negotiate Workstation Name: Logon GUID: {00000000-0000-0000-0000-000000000000} Caller User Name: %9 Caller Domain: %10 Caller Logon ID: %11 Caller Process ID: %12 Transited Services: %13 Source Network Address: %14 Source Port: %15 Caller Process Name: %16 "
1/30/2008 8:33,6,528,Security,S-1-5-20,Logon/Logoff,0,Information,MACHINENAME,c:\users\marco\documents\test_evt\2008_01_30_1451_21_765_0f239d212ea6ad826e026a46f1a96e6a_secevent.evt,"Successful Logon: User Name: NETWORK SERVICE Domain: NT AUTHORITY Logon ID: (0x0,0x3E4) Logon Type: 5 Logon Process: Advapi Authentication Package: Negotiate Workstation Name: Logon GUID: {00000000-0000-0000-0000-000000000000} Caller User Name: %9 Caller Domain: %10 Caller Logon ID: %11 Caller Process ID: %12 Transited Services: %13 Source Network Address: %14 Source Port: %15 Caller Process Name: %16 "
1/30/2008 8:33,7,528,Security,S-1-5-19,Logon/Logoff,0,Information,MACHINENAME,c:\users\marco\documents\test_evt\2008_01_30_1451_21_765_0f239d212ea6ad826e026a46f1a96e6a_secevent.evt,"Successful Logon: User Name: LOCAL SERVICE Domain: NT AUTHORITY Logon ID: (0x0,0x3E5) Logon Type: 5 Logon Process: Advapi Authentication Package: Negotiate Workstation Name: Logon GUID: {00000000-0000-0000-0000-000000000000} Caller User Name: %9 Caller Domain: %10 Caller Logon ID: %11 Caller Process ID: %12 Transited Services: %13 Source Network Address: %14 Source Port: %15 Caller Process Name: %16 "
1/30/2008 8:33,8,515,Security,S-1-5-18,System Event,0,Information,MACHINENAME,c:\users\marco\documents\test_evt\2008_01_30_1451_21_765_0f239d212ea6ad826e026a46f1a96e6a_secevent.evt,A trusted logon process has registered with the Local Security Authority. This logon process will be trusted to submit logon requests. Logon Process Name: LAN Manager Workstation Service Caller User Name: %2 Caller Domain: %3 Caller Logon ID: %4 
1/30/2008 8:33,9,515,Security,S-1-5-18,System Event,0,Information,MACHINENAME,c:\users\marco\documents\test_evt\2008_01_30_1451_21_765_0f239d212ea6ad826e026a46f1a96e6a_secevent.evt,A trusted logon process has registered with the Local Security Authority. This logon process will be trusted to submit logon requests. Logon Process Name: KSecDD Caller User Name: %2 Caller Domain: %3 Caller Logon ID: %4 
1/30/2008 8:34,10,515,Security,S-1-5-18,System Event,0,Information,MACHINENAME,c:\users\marco\documents\test_evt\2008_01_30_1451_21_765_0f239d212ea6ad826e026a46f1a96e6a_secevent.evt,A trusted logon process has registered with the Local Security Authority. This logon process will be trusted to submit logon requests. Logon Process Name: LAN Manager Workstation Service Caller User Name: %2 Caller Domain: %3 Caller Logon ID: %4 
1/30/2008 8:35,11,632,Security,S-1-5-18,Account Management,0,Information,MACHINENAME,c:\users\marco\documents\test_evt\2008_01_30_1451_21_765_0f239d212ea6ad826e026a46f1a96e6a_secevent.evt,"Security Enabled Global Group Member Added: Member Name: - Member ID: %{S-1-5-21-1220945662-884357618-682003330-1000} Target Account Name: None Target Domain: ACME-N6A1H8ZLJ1 Target Account ID: %{S-1-5-21-1220945662-884357618-682003330-513} Caller User Name: MACHINENAME$ Caller Domain: Caller Logon ID: (0x0,0x3E7) Privileges: - "
1/30/2008 8:35,12,624,Security,S-1-5-18,Account Management,0,Information,MACHINENAME,c:\users\marco\documents\test_evt\2008_01_30_1451_21_765_0f239d212ea6ad826e026a46f1a96e6a_secevent.evt,"User Account Created: New Account Name: HelpAssistant New Domain: ACME-N6A1H8ZLJ1 New Account ID: %{S-1-5-21-1220945662-884357618-682003330-1000} Caller User Name: MACHINENAME$ Caller Domain: Caller Logon ID: (0x0,0x3E7) Privileges - Attributes: Sam Account Name: %8 Display Name: %9 User Principal Name: %10 Home Directory: %11 Home Drive: %12 Script Path: %13 Profile Path: %14 User Workstations: %15 Password Last Set: %16 Account Expires: %17 Primary Group ID: %18 AllowedToDelegateTo: %19 Old UAC Value: %20 New UAC Value: %21 User Account Control: %22 User Parameters: %23 Sid History: %24 Logon Hours: %25 "
1/30/2008 8:35,13,626,Security,S-1-5-18,Account Management,0,Information,MACHINENAME,c:\users\marco\documents\test_evt\2008_01_30_1451_21_765_0f239d212ea6ad826e026a46f1a96e6a_secevent.evt,"User Account Enabled: Target Account Name: HelpAssistant Target Domain: ACME-N6A1H8ZLJ1 Target Account ID: %{S-1-5-21-1220945662-884357618-682003330-1000} Caller User Name: MACHINENAME$ Caller Domain: Caller Logon ID: (0x0,0x3E7) "
1/30/2008 8:35,14,642,Security,S-1-5-18,Account Management,0,Information,MACHINENAME,c:\users\marco\documents\test_evt\2008_01_30_1451_21_765_0f239d212ea6ad826e026a46f1a96e6a_secevent.evt,"User Account Changed: Target Account Name: HelpAssistant Target Domain: ACME-N6A1H8ZLJ1 Target Account ID: %{S-1-5-21-1220945662-884357618-682003330-1000} Caller User Name: MACHINENAME$ Caller Domain: Caller Logon ID: (0x0,0x3E7) Privileges: - Changed Attributes: Sam Account Name: %9 Display Name: %10 User Principal Name: %11 Home Directory: %12 Home Drive: %13 Script Path: %14 Profile Path: %15 User Workstations: %16 Password Last Set: %17 Account Expires: %18 Primary Group ID: %19 AllowedToDelegateTo: %20 Old UAC Value: %21 New UAC Value: %22 User Account Control: %23 User Parameters: %24 Sid History: %25 Logon Hours: %26 "
1/30/2008 8:35,15,628,Security,S-1-5-18,Account Management,0,Information,MACHINENAME,c:\users\marco\documents\test_evt\2008_01_30_1451_21_765_0f239d212ea6ad826e026a46f1a96e6a_secevent.evt,"User Account password set: Target Account Name: HelpAssistant Target Domain: ACME-N6A1H8ZLJ1 Target Account ID: %{S-1-5-21-1220945662-884357618-682003330-1000} Caller User Name: MACHINENAME$ Caller Domain: Caller Logon ID: (0x0,0x3E7) "
1/30/2008 8:35,16,629,Security,S-1-5-18,Account Management,0,Information,MACHINENAME,c:\users\marco\documents\test_evt\2008_01_30_1451_21_765_0f239d212ea6ad826e026a46f1a96e6a_secevent.evt,"User Account Disabled: Target Account Name: HelpAssistant Target Domain: ACME-N6A1H8ZLJ1 Target Account ID: %{S-1-5-21-1220945662-884357618-682003330-1000} Caller User Name: MACHINENAME$ Caller Domain: Caller Logon ID: (0x0,0x3E7) "
1/30/2008 8:35,17,621,Security,S-1-5-18,Policy Change,0,Information,MACHINENAME,c:\users\marco\documents\test_evt\2008_01_30_1451_21_765_0f239d212ea6ad826e026a46f1a96e6a_secevent.evt,"System Security Access Granted: Access Granted: SeServiceLogonRight Account Modified: %{S-1-5-20} Assigned By: User Name: MACHINENAME$ Domain: Logon ID: (0x0,0x3E7) "
1/30/2008 8:35,18,528,Security,S-1-5-20,Logon/Logoff,0,Information,MACHINENAME,c:\users\marco\documents\test_evt\2008_01_30_1451_21_765_0f239d212ea6ad826e026a46f1a96e6a_secevent.evt,"Successful Logon: User Name: NETWORK SERVICE Domain: NT AUTHORITY Logon ID: (0x0,0x3E4) Logon Type: 5 Logon Process: Advapi Authentication Package: Negotiate Workstation Name: Logon GUID: {00000000-0000-0000-0000-000000000000} Caller User Name: %9 Caller Domain: %10 Caller Logon ID: %11 Caller Process ID: %12 Transited Services: %13 Source Network Address: %14 Source Port: %15 Caller Process Name: %16 "
1/30/2008 8:38,19,635,Security,S-1-5-18,Account Management,0,Information,MACHINENAME,c:\users\marco\documents\test_evt\2008_01_30_1451_21_765_0f239d212ea6ad826e026a46f1a96e6a_secevent.evt,"Security Enabled Local Group Created: New Account Name: HelpServicesGroup New Domain: ACME-N6A1H8ZLJ1 New Account ID: %{S-1-5-21-1220945662-884357618-682003330-1001} Caller User Name: MACHINENAME$ Caller Domain: Caller Logon ID: (0x0,0x3E7) Privileges: - Attributes: Sam Account Name: %8 Sid History: %9 "
1/30/2008 8:38,20,639,Security,S-1-5-18,Account Management,0,Information,MACHINENAME,c:\users\marco\documents\test_evt\2008_01_30_1451_21_765_0f239d212ea6ad826e026a46f1a96e6a_secevent.evt,"Security Enabled Local Group Changed: Target Account Name: HelpServicesGroup Target Domain: ACME-N6A1H8ZLJ1 Target Account ID: %{S-1-5-21-1220945662-884357618-682003330-1001} Caller User Name: MACHINENAME$ Caller Domain: Caller Logon ID: (0x0,0x3E7) Privileges: - Changed Attributes: Sam Account Name: %8 Sid History: %9 "
1/30/2008 8:38,21,632,Security,S-1-5-18,Account Management,0,Information,MACHINENAME,c:\users\marco\documents\test_evt\2008_01_30_1451_21_765_0f239d212ea6ad826e026a46f1a96e6a_secevent.evt,"Security Enabled Global Group Member Added: Member Name: - Member ID: %{S-1-5-21-1220945662-884357618-682003330-1002} Target Account Name: None Target Domain: ACME-N6A1H8ZLJ1 Target Account ID: %{S-1-5-21-1220945662-884357618-682003330-513} Caller User Name: MACHINENAME$ Caller Domain: Caller Logon ID: (0x0,0x3E7) Privileges: - "
1/30/2008 8:38,22,624,Security,S-1-5-18,Account Management,0,Information,MACHINENAME,c:\users\marco\documents\test_evt\2008_01_30_1451_21_765_0f239d212ea6ad826e026a46f1a96e6a_secevent.evt,"User Account Created: New Account Name: SUPPORT_388945a0 New Domain: ACME-N6A1H8ZLJ1 New Account ID: %{S-1-5-21-1220945662-884357618-682003330-1002} Caller User Name: MACHINENAME$ Caller Domain: Caller Logon ID: (0x0,0x3E7) Privileges - Attributes: Sam Account Name: %8 Display Name: %9 User Principal Name: %10 Home Directory: %11 Home Drive: %12 Script Path: %13 Profile Path: %14 User Workstations: %15 Password Last Set: %16 Account Expires: %17 Primary Group ID: %18 AllowedToDelegateTo: %19 Old UAC Value: %20 New UAC Value: %21 User Account Control: %22 User Parameters: %23 Sid History: %24 Logon Hours: %25 "
1/30/2008 8:38,23,626,Security,S-1-5-18,Account Management,0,Information,MACHINENAME,c:\users\marco\documents\test_evt\2008_01_30_1451_21_765_0f239d212ea6ad826e026a46f1a96e6a_secevent.evt,"User Account Enabled: Target Account Name: SUPPORT_388945a0 Target Domain: ACME-N6A1H8ZLJ1 Target Account ID: %{S-1-5-21-1220945662-884357618-682003330-1002} Caller User Name: MACHINENAME$ Caller Domain: Caller Logon ID: (0x0,0x3E7) "
1/30/2008 8:38,24,642,Security,S-1-5-18,Account Management,0,Information,MACHINENAME,c:\users\marco\documents\test_evt\2008_01_30_1451_21_765_0f239d212ea6ad826e026a46f1a96e6a_secevent.evt,"User Account Changed: Target Account Name: SUPPORT_388945a0 Target Domain: ACME-N6A1H8ZLJ1 Target Account ID: %{S-1-5-21-1220945662-884357618-682003330-1002} Caller User Name: MACHINENAME$ Caller Domain: Caller Logon ID: (0x0,0x3E7) Privileges: - Changed Attributes: Sam Account Name: %9 Display Name: %10 User Principal Name: %11 Home Directory: %12 Home Drive: %13 Script Path: %14 Profile Path: %15 User Workstations: %16 Password Last Set: %17 Account Expires: %18 Primary Group ID: %19 AllowedToDelegateTo: %20 Old UAC Value: %21 New UAC Value: %22 User Account Control: %23 User Parameters: %24 Sid History: %25 Logon Hours: %26 "
1/30/2008 8:38,25,628,Security,S-1-5-18,Account Management,0,Information,MACHINENAME,c:\users\marco\documents\test_evt\2008_01_30_1451_21_765_0f239d212ea6ad826e026a46f1a96e6a_secevent.evt,"User Account password set: Target Account Name: SUPPORT_388945a0 Target Domain: ACME-N6A1H8ZLJ1 Target Account ID: %{S-1-5-21-1220945662-884357618-682003330-1002} Caller User Name: MACHINENAME$ Caller Domain: Caller Logon ID: (0x0,0x3E7) "
1/30/2008 8:38,26,636,Security,S-1-5-18,Account Management,0,Information,MACHINENAME,c:\users\marco\documents\test_evt\2008_01_30_1451_21_765_0f239d212ea6ad826e026a46f1a96e6a_secevent.evt,"Security Enabled Local Group Member Added: Member Name: - Member ID: %{S-1-5-21-1220945662-884357618-682003330-1002} Target Account Name: HelpServicesGroup Target Domain: ACME-N6A1H8ZLJ1 Target Account ID: %{S-1-5-21-1220945662-884357618-682003330-1001} Caller User Name: MACHINENAME$ Caller Domain: Caller Logon ID: (0x0,0x3E7) Privileges: - "
1/30/2008 8:38,27,621,Security,S-1-5-18,Policy Change,0,Information,MACHINENAME,c:\users\marco\documents\test_evt\2008_01_30_1451_21_765_0f239d212ea6ad826e026a46f1a96e6a_secevent.evt,"System Security Access Granted: Access Granted: SeBatchLogonRight Account Modified: %{S-1-5-21-1220945662-884357618-682003330-1002} Assigned By: User Name: MACHINENAME$ Domain: Logon ID: (0x0,0x3E7) "
1/30/2008 8:38,28,621,Security,S-1-5-18,Policy Change,0,Information,MACHINENAME,c:\users\marco\documents\test_evt\2008_01_30_1451_21_765_0f239d212ea6ad826e026a46f1a96e6a_secevent.evt,"System Security Access Granted: Access Granted: SeDenyNetworkLogonRight Account Modified: %{S-1-5-21-1220945662-884357618-682003330-1002} Assigned By: User Name: MACHINENAME$ Domain: Logon ID: (0x0,0x3E7) "
1/30/2008 8:38,29,621,Security,S-1-5-18,Policy Change,0,Information,MACHINENAME,c:\users\marco\documents\test_evt\2008_01_30_1451_21_765_0f239d212ea6ad826e026a46f1a96e6a_secevent.evt,"System Security Access Granted: Access Granted: SeDenyInteractiveLogonRight Account Modified: %{S-1-5-21-1220945662-884357618-682003330-1002} Assigned By: User Name: MACHINENAME$ Domain: Logon ID: (0x0,0x3E7) "
1/30/2008 8:38,30,629,Security,S-1-5-18,Account Management,0,Information,MACHINENAME,c:\users\marco\documents\test_evt\2008_01_30_1451_21_765_0f239d212ea6ad826e026a46f1a96e6a_secevent.evt,"User Account Disabled: Target Account Name: SUPPORT_388945a0 Target Domain: ACME-N6A1H8ZLJ1 Target Account ID: %{S-1-5-21-1220945662-884357618-682003330-1002} Caller User Name: MACHINENAME$ Caller Domain: Caller Logon ID: (0x0,0x3E7) "
1/30/2008 8:39,31,632,Security,S-1-5-18,Account Management,0,Information,MACHINENAME,c:\users\marco\documents\test_evt\2008_01_30_1451_21_765_0f239d212ea6ad826e026a46f1a96e6a_secevent.evt,"Security Enabled Global Group Member Added: Member Name: - Member ID: %{S-1-5-21-1220945662-884357618-682003330-1003} Target Account Name: None Target Domain: ACME-N6A1H8ZLJ1 Target Account ID: %{S-1-5-21-1220945662-884357618-682003330-513} Caller User Name: MACHINENAME$ Caller Domain: Caller Logon ID: (0x0,0x3E7) Privileges: - "
1/30/2008 8:39,32,624,Security,S-1-5-18,Account Management,0,Information,MACHINENAME,c:\users\marco\documents\test_evt\2008_01_30_1451_21_765_0f239d212ea6ad826e026a46f1a96e6a_secevent.evt,"User Account Created: New Account Name: Owner New Domain: ACME-N6A1H8ZLJ1 New Account ID: %{S-1-5-21-1220945662-884357618-682003330-1003} Caller User Name: MACHINENAME$ Caller Domain: Caller Logon ID: (0x0,0x3E7) Privileges - Attributes: Sam Account Name: %8 Display Name: %9 User Principal Name: %10 Home Directory: %11 Home Drive: %12 Script Path: %13 Profile Path: %14 User Workstations: %15 Password Last Set: %16 Account Expires: %17 Primary Group ID: %18 AllowedToDelegateTo: %19 Old UAC Value: %20 New UAC Value: %21 User Account Control: %22 User Parameters: %23 Sid History: %24 Logon Hours: %25 "
1/30/2008 8:39,33,642,Security,S-1-5-18,Account Management,0,Information,MACHINENAME,c:\users\marco\documents\test_evt\2008_01_30_1451_21_765_0f239d212ea6ad826e026a46f1a96e6a_secevent.evt,"User Account Changed: Target Account Name: Owner Target Domain: ACME-N6A1H8ZLJ1 Target Account ID: %{S-1-5-21-1220945662-884357618-682003330-1003} Caller User Name: MACHINENAME$ Caller Domain: Caller Logon ID: (0x0,0x3E7) Privileges: - Changed Attributes: Sam Account Name: %9 Display Name: %10 User Principal Name: %11 Home Directory: %12 Home Drive: %13 Script Path: %14 Profile Path: %15 User Workstations: %16 Password Last Set: %17 Account Expires: %18 Primary Group ID: %19 AllowedToDelegateTo: %20 Old UAC Value: %21 New UAC Value: %22 User Account Control: %23 User Parameters: %24 Sid History: %25 Logon Hours: %26 "
1/30/2008 8:39,34,628,Security,S-1-5-18,Account Management,0,Information,MACHINENAME,c:\users\marco\documents\test_evt\2008_01_30_1451_21_765_0f239d212ea6ad826e026a46f1a96e6a_secevent.evt,"User Account password set: Target Account Name: Owner Target Domain: ACME-N6A1H8ZLJ1 Target Account ID: %{S-1-5-21-1220945662-884357618-682003330-1003} Caller User Name: MACHINENAME$ Caller Domain: Caller Logon ID: (0x0,0x3E7) "
1/30/2008 8:39,35,626,Security,S-1-5-18,Account Management,0,Information,MACHINENAME,c:\users\marco\documents\test_evt\2008_01_30_1451_21_765_0f239d212ea6ad826e026a46f1a96e6a_secevent.evt,"User Account Enabled: Target Account Name: Owner Target Domain: ACME-N6A1H8ZLJ1 Target Account ID: %{S-1-5-21-1220945662-884357618-682003330-1003} Caller User Name: MACHINENAME$ Caller Domain: Caller Logon ID: (0x0,0x3E7) "
1/30/2008 8:39,36,642,Security,S-1-5-18,Account Management,0,Information,MACHINENAME,c:\users\marco\documents\test_evt\2008_01_30_1451_21_765_0f239d212ea6ad826e026a46f1a96e6a_secevent.evt,"User Account Changed: Target Account Name: Owner Target Domain: ACME-N6A1H8ZLJ1 Target Account ID: %{S-1-5-21-1220945662-884357618-682003330-1003} Caller User Name: MACHINENAME$ Caller Domain: Caller Logon ID: (0x0,0x3E7) Privileges: - Changed Attributes: Sam Account Name: %9 Display Name: %10 User Principal Name: %11 Home Directory: %12 Home Drive: %13 Script Path: %14 Profile Path: %15 User Workstations: %16 Password Last Set: %17 Account Expires: %18 Primary Group ID: %19 AllowedToDelegateTo: %20 Old UAC Value: %21 New UAC Value: %22 User Account Control: %23 User Parameters: %24 Sid History: %25 Logon Hours: %26 "
1/30/2008 8:39,37,636,Security,S-1-5-18,Account Management,0,Information,MACHINENAME,c:\users\marco\documents\test_evt\2008_01_30_1451_21_765_0f239d212ea6ad826e026a46f1a96e6a_secevent.evt,"Security Enabled Local Group Member Added: Member Name: - Member ID: %{S-1-5-21-1220945662-884357618-682003330-1003} Target Account Name: Administrators Target Domain: Builtin Target Account ID: %{S-1-5-32-544} Caller User Name: MACHINENAME$ Caller Domain: Caller Logon ID: (0x0,0x3E7) Privileges: - "
1/30/2008 8:43,38,512,Security,S-1-5-18,System Event,0,Information,ACME-N6A1H8ZLJ1,c:\users\marco\documents\test_evt\2008_01_30_1451_21_765_0f239d212ea6ad826e026a46f1a96e6a_secevent.evt,Windows is starting up.
1/30/2008 8:43,39,514,Security,S-1-5-18,System Event,0,Information,ACME-N6A1H8ZLJ1,c:\users\marco\documents\test_evt\2008_01_30_1451_21_765_0f239d212ea6ad826e026a46f1a96e6a_secevent.evt,An authentication package has been loaded by the Local Security Authority. This authentication package will be used to authenticate logon attempts. Authentication Package Name: C:\WINDOWS\system32\LSASRV.dll : Negotiate
1/30/2008 8:43,40,514,Security,S-1-5-18,System Event,0,Information,ACME-N6A1H8ZLJ1,c:\users\marco\documents\test_evt\2008_01_30_1451_21_765_0f239d212ea6ad826e026a46f1a96e6a_secevent.evt,An authentication package has been loaded by the Local Security Authority. This authentication package will be used to authenticate logon attempts. Authentication Package Name: C:\WINDOWS\system32\kerberos.dll : Kerberos
1/30/2008 8:43,41,514,Security,S-1-5-18,System Event,0,Information,ACME-N6A1H8ZLJ1,c:\users\marco\documents\test_evt\2008_01_30_1451_21_765_0f239d212ea6ad826e026a46f1a96e6a_secevent.evt,An authentication package has been loaded by the Local Security Authority. This authentication package will be used to authenticate logon attempts. Authentication Package Name: C:\WINDOWS\system32\msv1_0.dll : NTLM
1/30/2008 8:43,42,514,Security,S-1-5-18,System Event,0,Information,ACME-N6A1H8ZLJ1,c:\users\marco\documents\test_evt\2008_01_30_1451_21_765_0f239d212ea6ad826e026a46f1a96e6a_secevent.evt,An authentication package has been loaded by the Local Security Authority. This authentication package will be used to authenticate logon attempts. Authentication Package Name: C:\WINDOWS\system32\schannel.dll : Microsoft Unified Security Protocol Provider
1/30/2008 8:43,43,514,Security,S-1-5-18,System Event,0,Information,ACME-N6A1H8ZLJ1,c:\users\marco\documents\test_evt\2008_01_30_1451_21_765_0f239d212ea6ad826e026a46f1a96e6a_secevent.evt,An authentication package has been loaded by the Local Security Authority. This authentication package will be used to authenticate logon attempts. Authentication Package Name: C:\WINDOWS\system32\schannel.dll : Schannel
1/30/2008 8:43,44,514,Security,S-1-5-18,System Event,0,Information,ACME-N6A1H8ZLJ1,c:\users\marco\documents\test_evt\2008_01_30_1451_21_765_0f239d212ea6ad826e026a46f1a96e6a_secevent.evt,An authentication package has been loaded by the Local Security Authority. This authentication package will be used to authenticate logon attempts. Authentication Package Name: C:\WINDOWS\system32\wdigest.dll : WDigest
1/30/2008 8:43,45,514,Security,S-1-5-18,System Event,0,Information,ACME-N6A1H8ZLJ1,c:\users\marco\documents\test_evt\2008_01_30_1451_21_765_0f239d212ea6ad826e026a46f1a96e6a_secevent.evt,An authentication package has been loaded by the Local Security Authority. This authentication package will be used to authenticate logon attempts. Authentication Package Name: C:\WINDOWS\system32\msv1_0.dll : MICROSOFT_AUTHENTICATION_PACKAGE_V1_0
1/30/2008 8:43,46,515,Security,S-1-5-18,System Event,0,Information,ACME-N6A1H8ZLJ1,c:\users\marco\documents\test_evt\2008_01_30_1451_21_765_0f239d212ea6ad826e026a46f1a96e6a_secevent.evt,A trusted logon process has registered with the Local Security Authority. This logon process will be trusted to submit logon requests. Logon Process Name: KSecDD Caller User Name: %2 Caller Domain: %3 Caller Logon ID: %4 
1/30/2008 8:43,47,612,Security,S-1-5-18,Policy Change,0,Information,ACME-N6A1H8ZLJ1,c:\users\marco\documents\test_evt\2008_01_30_1451_21_765_0f239d212ea6ad826e026a46f1a96e6a_secevent.evt,"Audit Policy Change: New Policy: Success Failure + + Logon/Logoff - - Object Access - - Privilege Use + + Account Management + + Policy Change + + System - - Detailed Tracking - - Directory Service Access + + Account Logon Changed By: User Name: ACME-N6A1H8ZLJ1$ Domain Name: MSHOME Logon ID: (0x0,0x3E7)"
1/30/2008 8:43,48,518,Security,S-1-5-18,System Event,0,Information,ACME-N6A1H8ZLJ1,c:\users\marco\documents\test_evt\2008_01_30_1451_21_765_0f239d212ea6ad826e026a46f1a96e6a_secevent.evt,An notification package has been loaded by the Security Account Manager. This package will be notified of any account or password changes. Notification Package Name: scecli
1/30/2008 8:43,49,528,Security,S-1-5-20,Logon/Logoff,0,Information,ACME-N6A1H8ZLJ1,c:\users\marco\documents\test_evt\2008_01_30_1451_21_765_0f239d212ea6ad826e026a46f1a96e6a_secevent.evt,"Successful Logon: User Name: NETWORK SERVICE Domain: NT AUTHORITY Logon ID: (0x0,0x3E4) Logon Type: 5 Logon Process: Advapi Authentication Package: Negotiate Workstation Name: Logon GUID: {00000000-0000-0000-0000-000000000000} Caller User Name: %9 Caller Domain: %10 Caller Logon ID: %11 Caller Process ID: %12 Transited Services: %13 Source Network Address: %14 Source Port: %15 Caller Process Name: %16 "
1/30/2008 8:43,50,528,Security,S-1-5-19,Logon/Logoff,0,Information,ACME-N6A1H8ZLJ1,c:\users\marco\documents\test_evt\2008_01_30_1451_21_765_0f239d212ea6ad826e026a46f1a96e6a_secevent.evt,"Successful Logon: User Name: LOCAL SERVICE Domain: NT AUTHORITY Logon ID: (0x0,0x3E5) Logon Type: 5 Logon Process: Advapi Authentication Package: Negotiate Workstation Name: Logon GUID: {00000000-0000-0000-0000-000000000000} Caller User Name: %9 Caller Domain: %10 Caller Logon ID: %11 Caller Process ID: %12 Transited Services: %13 Source Network Address: %14 Source Port: %15 Caller Process Name: %16 "
1/30/2008 8:43,51,515,Security,S-1-5-18,System Event,0,Information,ACME-N6A1H8ZLJ1,c:\users\marco\documents\test_evt\2008_01_30_1451_21_765_0f239d212ea6ad826e026a46f1a96e6a_secevent.evt,A trusted logon process has registered with the Local Security Authority. This logon process will be trusted to submit logon requests. Logon Process Name: CHAP Caller User Name: %2 Caller Domain: %3 Caller Logon ID: %4 
1/30/2008 8:43,52,515,Security,S-1-5-18,System Event,0,Information,ACME-N6A1H8ZLJ1,c:\users\marco\documents\test_evt\2008_01_30_1451_21_765_0f239d212ea6ad826e026a46f1a96e6a_secevent.evt,A trusted logon process has registered with the Local Security Authority. This logon process will be trusted to submit logon requests. Logon Process Name: LAN Manager Workstation Service Caller User Name: %2 Caller Domain: %3 Caller Logon ID: %4 
1/30/2008 8:43,53,515,Security,S-1-5-18,System Event,0,Information,ACME-N6A1H8ZLJ1,c:\users\marco\documents\test_evt\2008_01_30_1451_21_765_0f239d212ea6ad826e026a46f1a96e6a_secevent.evt,A trusted logon process has registered with the Local Security Authority. This logon process will be trusted to submit logon requests. Logon Process Name: KSecDD Caller User Name: %2 Caller Domain: %3 Caller Logon ID: %4 
1/30/2008 8:43,54,528,Security,S-1-5-19,Logon/Logoff,0,Information,ACME-N6A1H8ZLJ1,c:\users\marco\documents\test_evt\2008_01_30_1451_21_765_0f239d212ea6ad826e026a46f1a96e6a_secevent.evt,"Successful Logon: User Name: LOCAL SERVICE Domain: NT AUTHORITY Logon ID: (0x0,0x3E5) Logon Type: 5 Logon Process: Advapi Authentication Package: Negotiate Workstation Name: Logon GUID: {00000000-0000-0000-0000-000000000000} Caller User Name: %9 Caller Domain: %10 Caller Logon ID: %11 Caller Process ID: %12 Transited Services: %13 Source Network Address: %14 Source Port: %15 Caller Process Name: %16 "
1/30/2008 8:43,55,615,Security,S-1-5-20,Policy Change,0,Information,ACME-N6A1H8ZLJ1,c:\users\marco\documents\test_evt\2008_01_30_1451_21_765_0f239d212ea6ad826e026a46f1a96e6a_secevent.evt,IPSec Services has started successfully. 
1/30/2008 8:43,56,540,Security,S-1-5-7,Logon/Logoff,0,Information,ACME-N6A1H8ZLJ1,c:\users\marco\documents\test_evt\2008_01_30_1451_21_765_0f239d212ea6ad826e026a46f1a96e6a_secevent.evt,"Successful Network Logon: User Name: Domain: Logon ID: (0x0,0xA8C8) Logon Type: 3 Logon Process: NtLmSsp Authentication Package: NTLM Workstation Name: Logon GUID: {00000000-0000-0000-0000-000000000000} Caller User Name: %9 Caller Domain: %10 Caller Logon ID: %11 Caller Process ID: %12 Transited Services: %13 Source Network Address: %14 Source Port: %15 Caller Process Name: %16 "
1/30/2008 23:30,57,520,Security,S-1-5-18,System Event,0,Information,ACME-N6A1H8ZLJ1,c:\users\marco\documents\test_evt\2008_01_30_1451_21_765_0f239d212ea6ad826e026a46f1a96e6a_secevent.evt,"The system time was changed. Process ID: 920 Process Name: C:\WINDOWS\system32\svchost.exe Primary User Name: ACME-N6A1H8ZLJ1$ Primary Domain: MSHOME Primary Logon ID: (0x0,0x3E7) Client User Name: - Client Domain: - Client Logon ID: - Previous Time: 5:44:06 AM 1/30/2008 New Time: 8:30:04 PM 1/30/2008 "
1/30/2008 23:31,58,528,Security,S-1-5-19,Logon/Logoff,0,Information,ACME-N6A1H8ZLJ1,c:\users\marco\documents\test_evt\2008_01_30_1451_21_765_0f239d212ea6ad826e026a46f1a96e6a_secevent.evt,"Successful Logon: User Name: LOCAL SERVICE Domain: NT AUTHORITY Logon ID: (0x0,0x3E5) Logon Type: 5 Logon Process: Advapi Authentication Package: Negotiate Workstation Name: Logon GUID: {00000000-0000-0000-0000-000000000000} Caller User Name: %9 Caller Domain: %10 Caller Logon ID: %11 Caller Process ID: %12 Transited Services: %13 Source Network Address: %14 Source Port: %15 Caller Process Name: %16 "
1/30/2008 23:31,59,515,Security,S-1-5-18,System Event,0,Information,ACME-N6A1H8ZLJ1,c:\users\marco\documents\test_evt\2008_01_30_1451_21_765_0f239d212ea6ad826e026a46f1a96e6a_secevent.evt,A trusted logon process has registered with the Local Security Authority. This logon process will be trusted to submit logon requests. Logon Process Name: RASMAN Caller User Name: %2 Caller Domain: %3 Caller Logon ID: %4 
1/30/2008 23:32,60,632,Security,S-1-5-18,Account Management,0,Information,ACME-N6A1H8ZLJ1,c:\users\marco\documents\test_evt\2008_01_30_1451_21_765_0f239d212ea6ad826e026a46f1a96e6a_secevent.evt,"Security Enabled Global Group Member Added: Member Name: - Member ID: %{S-1-5-21-1220945662-884357618-682003330-1004} Target Account Name: None Target Domain: ACME-N6A1H8ZLJ1 Target Account ID: %{S-1-5-21-1220945662-884357618-682003330-513} Caller User Name: ACME-N6A1H8ZLJ1$ Caller Domain: MSHOME Caller Logon ID: (0x0,0x3E7) Privileges: - "
1/30/2008 23:32,61,624,Security,S-1-5-18,Account Management,0,Information,ACME-N6A1H8ZLJ1,c:\users\marco\documents\test_evt\2008_01_30_1451_21_765_0f239d212ea6ad826e026a46f1a96e6a_secevent.evt,"User Account Created: New Account Name: Caster Troy New Domain: ACME-N6A1H8ZLJ1 New Account ID: %{S-1-5-21-1220945662-884357618-682003330-1004} Caller User Name: ACME-N6A1H8ZLJ1$ Caller Domain: MSHOME Caller Logon ID: (0x0,0x3E7) Privileges - Attributes: Sam Account Name: %8 Display Name: %9 User Principal Name: %10 Home Directory: %11 Home Drive: %12 Script Path: %13 Profile Path: %14 User Workstations: %15 Password Last Set: %16 Account Expires: %17 Primary Group ID: %18 AllowedToDelegateTo: %19 Old UAC Value: %20 New UAC Value: %21 User Account Control: %22 User Parameters: %23 Sid History: %24 Logon Hours: %25 "
1/30/2008 23:32,62,642,Security,S-1-5-18,Account Management,0,Information,ACME-N6A1H8ZLJ1,c:\users\marco\documents\test_evt\2008_01_30_1451_21_765_0f239d212ea6ad826e026a46f1a96e6a_secevent.evt,"User Account Changed: Target Account Name: Caster Troy Target Domain: ACME-N6A1H8ZLJ1 Target Account ID: %{S-1-5-21-1220945662-884357618-682003330-1004} Caller User Name: ACME-N6A1H8ZLJ1$ Caller Domain: MSHOME Caller Logon ID: (0x0,0x3E7) Privileges: - Changed Attributes: Sam Account Name: %9 Display Name: %10 User Principal Name: %11 Home Directory: %12 Home Drive: %13 Script Path: %14 Profile Path: %15 User Workstations: %16 Password Last Set: %17 Account Expires: %18 Primary Group ID: %19 AllowedToDelegateTo: %20 Old UAC Value: %21 New UAC Value: %22 User Account Control: %23 User Parameters: %24 Sid History: %25 Logon Hours: %26 "
1/30/2008 23:32,63,628,Security,S-1-5-18,Account Management,0,Information,ACME-N6A1H8ZLJ1,c:\users\marco\documents\test_evt\2008_01_30_1451_21_765_0f239d212ea6ad826e026a46f1a96e6a_secevent.evt,"User Account password set: Target Account Name: Caster Troy Target Domain: ACME-N6A1H8ZLJ1 Target Account ID: %{S-1-5-21-1220945662-884357618-682003330-1004} Caller User Name: ACME-N6A1H8ZLJ1$ Caller Domain: MSHOME Caller Logon ID: (0x0,0x3E7) "
1/30/2008 23:32,64,626,Security,S-1-5-18,Account Management,0,Information,ACME-N6A1H8ZLJ1,c:\users\marco\documents\test_evt\2008_01_30_1451_21_765_0f239d212ea6ad826e026a46f1a96e6a_secevent.evt,"User Account Enabled: Target Account Name: Caster Troy Target Domain: ACME-N6A1H8ZLJ1 Target Account ID: %{S-1-5-21-1220945662-884357618-682003330-1004} Caller User Name: ACME-N6A1H8ZLJ1$ Caller Domain: MSHOME Caller Logon ID: (0x0,0x3E7) "
1/30/2008 23:32,65,642,Security,S-1-5-18,Account Management,0,Information,ACME-N6A1H8ZLJ1,c:\users\marco\documents\test_evt\2008_01_30_1451_21_765_0f239d212ea6ad826e026a46f1a96e6a_secevent.evt,"User Account Changed: Target Account Name: Caster Troy Target Domain: ACME-N6A1H8ZLJ1 Target Account ID: %{S-1-5-21-1220945662-884357618-682003330-1004} Caller User Name: ACME-N6A1H8ZLJ1$ Caller Domain: MSHOME Caller Logon ID: (0x0,0x3E7) Privileges: - Changed Attributes: Sam Account Name: %9 Display Name: %10 User Principal Name: %11 Home Directory: %12 Home Drive: %13 Script Path: %14 Profile Path: %15 User Workstations: %16 Password Last Set: %17 Account Expires: %18 Primary Group ID: %19 AllowedToDelegateTo: %20 Old UAC Value: %21 New UAC Value: %22 User Account Control: %23 User Parameters: %24 Sid History: %25 Logon Hours: %26 "
1/30/2008 23:32,66,636,Security,S-1-5-18,Account Management,0,Information,ACME-N6A1H8ZLJ1,c:\users\marco\documents\test_evt\2008_01_30_1451_21_765_0f239d212ea6ad826e026a46f1a96e6a_secevent.evt,"Security Enabled Local Group Member Added: Member Name: - Member ID: %{S-1-5-21-1220945662-884357618-682003330-1004} Target Account Name: Administrators Target Domain: Builtin Target Account ID: %{S-1-5-32-544} Caller User Name: ACME-N6A1H8ZLJ1$ Caller Domain: MSHOME Caller Logon ID: (0x0,0x3E7) Privileges: - "
1/30/2008 23:32,67,637,Security,S-1-5-18,Account Management,0,Information,ACME-N6A1H8ZLJ1,c:\users\marco\documents\test_evt\2008_01_30_1451_21_765_0f239d212ea6ad826e026a46f1a96e6a_secevent.evt,"Security Enabled Local Group Member Removed: Member Name: - Member ID: %{S-1-5-21-1220945662-884357618-682003330-1003} Target Account Name: Administrators Target Domain: Builtin Target Account ID: %{S-1-5-32-544} Caller User Name: ACME-N6A1H8ZLJ1$ Caller Domain: MSHOME Caller Logon ID: (0x0,0x3E7) Privileges: - "
1/30/2008 23:32,68,633,Security,S-1-5-18,Account Management,0,Information,ACME-N6A1H8ZLJ1,c:\users\marco\documents\test_evt\2008_01_30_1451_21_765_0f239d212ea6ad826e026a46f1a96e6a_secevent.evt,"Security Enabled Global Group Member Removed: Member Name: - Member ID: %{S-1-5-21-1220945662-884357618-682003330-1003} Target Account Name: None Target Domain: ACME-N6A1H8ZLJ1 Target Account ID: %{S-1-5-21-1220945662-884357618-682003330-513} Caller User Name: ACME-N6A1H8ZLJ1$ Caller Domain: MSHOME Caller Logon ID: (0x0,0x3E7) Privileges: - "
1/30/2008 23:32,69,630,Security,S-1-5-18,Account Management,0,Information,ACME-N6A1H8ZLJ1,c:\users\marco\documents\test_evt\2008_01_30_1451_21_765_0f239d212ea6ad826e026a46f1a96e6a_secevent.evt,"User Account Deleted: Target Account Name: Owner Target Domain: ACME-N6A1H8ZLJ1 Target Account ID: %{S-1-5-21-1220945662-884357618-682003330-1003} Caller User Name: ACME-N6A1H8ZLJ1$ Caller Domain: MSHOME Caller Logon ID: (0x0,0x3E7) Privileges: - "
1/30/2008 23:32,70,642,Security,S-1-5-18,Account Management,0,Information,ACME-N6A1H8ZLJ1,c:\users\marco\documents\test_evt\2008_01_30_1451_21_765_0f239d212ea6ad826e026a46f1a96e6a_secevent.evt,"User Account Changed: Target Account Name: Caster Troy Target Domain: ACME-N6A1H8ZLJ1 Target Account ID: %{S-1-5-21-1220945662-884357618-682003330-1004} Caller User Name: ACME-N6A1H8ZLJ1$ Caller Domain: MSHOME Caller Logon ID: (0x0,0x3E7) Privileges: - Changed Attributes: Sam Account Name: %9 Display Name: %10 User Principal Name: %11 Home Directory: %12 Home Drive: %13 Script Path: %14 Profile Path: %15 User Workstations: %16 Password Last Set: %17 Account Expires: %18 Primary Group ID: %19 AllowedToDelegateTo: %20 Old UAC Value: %21 New UAC Value: %22 User Account Control: %23 User Parameters: %24 Sid History: %25 Logon Hours: %26 "
1/30/2008 23:32,71,515,Security,S-1-5-18,System Event,0,Information,ACME-N6A1H8ZLJ1,c:\users\marco\documents\test_evt\2008_01_30_1451_21_765_0f239d212ea6ad826e026a46f1a96e6a_secevent.evt,A trusted logon process has registered with the Local Security Authority. This logon process will be trusted to submit logon requests. Logon Process Name: Winlogon Caller User Name: %2 Caller Domain: %3 Caller Logon ID: %4 
1/30/2008 23:32,72,515,Security,S-1-5-18,System Event,0,Information,ACME-N6A1H8ZLJ1,c:\users\marco\documents\test_evt\2008_01_30_1451_21_765_0f239d212ea6ad826e026a46f1a96e6a_secevent.evt,A trusted logon process has registered with the Local Security Authority. This logon process will be trusted to submit logon requests. Logon Process Name: Winlogon\MSGina Caller User Name: %2 Caller Domain: %3 Caller Logon ID: %4 
1/30/2008 23:32,73,680,Security,S-1-5-18,Account Logon,0,Information,ACME-N6A1H8ZLJ1,c:\users\marco\documents\test_evt\2008_01_30_1451_21_765_0f239d212ea6ad826e026a46f1a96e6a_secevent.evt,Logon attempt by: MICROSOFT_AUTHENTICATION_PACKAGE_V1_0 Logon account: Caster Troy Source Workstation: ACME-N6A1H8ZLJ1 Error Code: 0x0 
1/30/2008 23:32,74,528,Security,S-1-5-21-1220945662-884357618-682003330-1004,Logon/Logoff,0,Information,ACME-N6A1H8ZLJ1,c:\users\marco\documents\test_evt\2008_01_30_1451_21_765_0f239d212ea6ad826e026a46f1a96e6a_secevent.evt,"Successful Logon: User Name: Caster Troy Domain: ACME-N6A1H8ZLJ1 Logon ID: (0x0,0x10C88) Logon Type: 2 Logon Process: Advapi Authentication Package: Negotiate Workstation Name: ACME-N6A1H8ZLJ1 Logon GUID: {00000000-0000-0000-0000-000000000000} Caller User Name: %9 Caller Domain: %10 Caller Logon ID: %11 Caller Process ID: %12 Transited Services: %13 Source Network Address: %14 Source Port: %15 Caller Process Name: %16 "
1/30/2008 23:32,75,538,Security,S-1-5-21-1220945662-884357618-682003330-1004,Logon/Logoff,0,Information,ACME-N6A1H8ZLJ1,c:\users\marco\documents\test_evt\2008_01_30_1451_21_765_0f239d212ea6ad826e026a46f1a96e6a_secevent.evt,"User Logoff: User Name: Caster Troy Domain: ACME-N6A1H8ZLJ1 Logon ID: (0x0,0x10C88) Logon Type: 2 "
1/30/2008 23:32,76,680,Security,S-1-5-18,Account Logon,0,Information,ACME-N6A1H8ZLJ1,c:\users\marco\documents\test_evt\2008_01_30_1451_21_765_0f239d212ea6ad826e026a46f1a96e6a_secevent.evt,Logon attempt by: MICROSOFT_AUTHENTICATION_PACKAGE_V1_0 Logon account: Caster Troy Source Workstation: ACME-N6A1H8ZLJ1 Error Code: 0x0 
1/30/2008 23:32,77,528,Security,S-1-5-21-1220945662-884357618-682003330-1004,Logon/Logoff,0,Information,ACME-N6A1H8ZLJ1,c:\users\marco\documents\test_evt\2008_01_30_1451_21_765_0f239d212ea6ad826e026a46f1a96e6a_secevent.evt,"Successful Logon: User Name: Caster Troy Domain: ACME-N6A1H8ZLJ1 Logon ID: (0x0,0x10CB3) Logon Type: 2 Logon Process: User32 Authentication Package: Negotiate Workstation Name: ACME-N6A1H8ZLJ1 Logon GUID: {00000000-0000-0000-0000-000000000000} Caller User Name: %9 Caller Domain: %10 Caller Logon ID: %11 Caller Process ID: %12 Transited Services: %13 Source Network Address: %14 Source Port: %15 Caller Process Name: %16 "
1/30/2008 23:33,78,551,Security,S-1-5-21-1220945662-884357618-682003330-1004,Logon/Logoff,0,Information,ACME-N6A1H8ZLJ1,c:\users\marco\documents\test_evt\2008_01_30_1451_21_765_0f239d212ea6ad826e026a46f1a96e6a_secevent.evt,"User initiated logoff: User Name: Caster Troy Domain: ACME-N6A1H8ZLJ1 Logon ID: (0x0,0x10cb3) "
1/30/2008 23:33,79,615,Security,S-1-5-20,Policy Change,0,Information,ACME-N6A1H8ZLJ1,c:\users\marco\documents\test_evt\2008_01_30_1451_21_765_0f239d212ea6ad826e026a46f1a96e6a_secevent.evt,IPSec Services has shut down successfully. Stopping IPSec Services can be a potential security hazard to the machine. 
1/30/2008 23:34,80,512,Security,S-1-5-18,System Event,0,Information,ACME-N6A1H8ZLJ1,c:\users\marco\documents\test_evt\2008_01_30_1451_21_765_0f239d212ea6ad826e026a46f1a96e6a_secevent.evt,Windows is starting up.
1/30/2008 23:34,81,514,Security,S-1-5-18,System Event,0,Information,ACME-N6A1H8ZLJ1,c:\users\marco\documents\test_evt\2008_01_30_1451_21_765_0f239d212ea6ad826e026a46f1a96e6a_secevent.evt,An authentication package has been loaded by the Local Security Authority. This authentication package will be used to authenticate logon attempts. Authentication Package Name: C:\WINDOWS\system32\LSASRV.dll : Negotiate
1/30/2008 23:34,82,514,Security,S-1-5-18,System Event,0,Information,ACME-N6A1H8ZLJ1,c:\users\marco\documents\test_evt\2008_01_30_1451_21_765_0f239d212ea6ad826e026a46f1a96e6a_secevent.evt,An authentication package has been loaded by the Local Security Authority. This authentication package will be used to authenticate logon attempts. Authentication Package Name: C:\WINDOWS\system32\kerberos.dll : Kerberos
1/30/2008 23:34,83,514,Security,S-1-5-18,System Event,0,Information,ACME-N6A1H8ZLJ1,c:\users\marco\documents\test_evt\2008_01_30_1451_21_765_0f239d212ea6ad826e026a46f1a96e6a_secevent.evt,An authentication package has been loaded by the Local Security Authority. This authentication package will be used to authenticate logon attempts. Authentication Package Name: C:\WINDOWS\system32\msv1_0.dll : NTLM
1/30/2008 23:34,84,514,Security,S-1-5-18,System Event,0,Information,ACME-N6A1H8ZLJ1,c:\users\marco\documents\test_evt\2008_01_30_1451_21_765_0f239d212ea6ad826e026a46f1a96e6a_secevent.evt,An authentication package has been loaded by the Local Security Authority. This authentication package will be used to authenticate logon attempts. Authentication Package Name: C:\WINDOWS\system32\schannel.dll : Microsoft Unified Security Protocol Provider
1/30/2008 23:34,85,514,Security,S-1-5-18,System Event,0,Information,ACME-N6A1H8ZLJ1,c:\users\marco\documents\test_evt\2008_01_30_1451_21_765_0f239d212ea6ad826e026a46f1a96e6a_secevent.evt,An authentication package has been loaded by the Local Security Authority. This authentication package will be used to authenticate logon attempts. Authentication Package Name: C:\WINDOWS\system32\schannel.dll : Schannel
1/30/2008 23:34,86,514,Security,S-1-5-18,System Event,0,Information,ACME-N6A1H8ZLJ1,c:\users\marco\documents\test_evt\2008_01_30_1451_21_765_0f239d212ea6ad826e026a46f1a96e6a_secevent.evt,An authentication package has been loaded by the Local Security Authority. This authentication package will be used to authenticate logon attempts. Authentication Package Name: C:\WINDOWS\system32\wdigest.dll : WDigest
1/30/2008 23:34,87,514,Security,S-1-5-18,System Event,0,Information,ACME-N6A1H8ZLJ1,c:\users\marco\documents\test_evt\2008_01_30_1451_21_765_0f239d212ea6ad826e026a46f1a96e6a_secevent.evt,An authentication package has been loaded by the Local Security Authority. This authentication package will be used to authenticate logon attempts. Authentication Package Name: C:\WINDOWS\system32\msv1_0.dll : MICROSOFT_AUTHENTICATION_PACKAGE_V1_0
1/30/2008 23:34,88,515,Security,S-1-5-18,System Event,0,Information,ACME-N6A1H8ZLJ1,c:\users\marco\documents\test_evt\2008_01_30_1451_21_765_0f239d212ea6ad826e026a46f1a96e6a_secevent.evt,A trusted logon process has registered with the Local Security Authority. This logon process will be trusted to submit logon requests. Logon Process Name: KSecDD Caller User Name: %2 Caller Domain: %3 Caller Logon ID: %4 
1/30/2008 23:34,89,515,Security,S-1-5-18,System Event,0,Information,ACME-N6A1H8ZLJ1,c:\users\marco\documents\test_evt\2008_01_30_1451_21_765_0f239d212ea6ad826e026a46f1a96e6a_secevent.evt,A trusted logon process has registered with the Local Security Authority. This logon process will be trusted to submit logon requests. Logon Process Name: Winlogon Caller User Name: %2 Caller Domain: %3 Caller Logon ID: %4 
1/30/2008 23:34,90,515,Security,S-1-5-18,System Event,0,Information,ACME-N6A1H8ZLJ1,c:\users\marco\documents\test_evt\2008_01_30_1451_21_765_0f239d212ea6ad826e026a46f1a96e6a_secevent.evt,A trusted logon process has registered with the Local Security Authority. This logon process will be trusted to submit logon requests. Logon Process Name: Winlogon\MSGina Caller User Name: %2 Caller Domain: %3 Caller Logon ID: %4 
1/30/2008 23:34,91,612,Security,S-1-5-18,Policy Change,0,Information,ACME-N6A1H8ZLJ1,c:\users\marco\documents\test_evt\2008_01_30_1451_21_765_0f239d212ea6ad826e026a46f1a96e6a_secevent.evt,"Audit Policy Change: New Policy: Success Failure + + Logon/Logoff - - Object Access - - Privilege Use + + Account Management + + Policy Change + + System - - Detailed Tracking - - Directory Service Access + + Account Logon Changed By: User Name: ACME-N6A1H8ZLJ1$ Domain Name: MSHOME Logon ID: (0x0,0x3E7)"
1/30/2008 23:34,92,518,Security,S-1-5-18,System Event,0,Information,ACME-N6A1H8ZLJ1,c:\users\marco\documents\test_evt\2008_01_30_1451_21_765_0f239d212ea6ad826e026a46f1a96e6a_secevent.evt,An notification package has been loaded by the Security Account Manager. This package will be notified of any account or password changes. Notification Package Name: scecli
1/30/2008 23:34,93,528,Security,S-1-5-20,Logon/Logoff,0,Information,ACME-N6A1H8ZLJ1,c:\users\marco\documents\test_evt\2008_01_30_1451_21_765_0f239d212ea6ad826e026a46f1a96e6a_secevent.evt,"Successful Logon: User Name: NETWORK SERVICE Domain: NT AUTHORITY Logon ID: (0x0,0x3E4) Logon Type: 5 Logon Process: Advapi Authentication Package: Negotiate Workstation Name: Logon GUID: {00000000-0000-0000-0000-000000000000} Caller User Name: %9 Caller Domain: %10 Caller Logon ID: %11 Caller Process ID: %12 Transited Services: %13 Source Network Address: %14 Source Port: %15 Caller Process Name: %16 "
1/30/2008 23:34,94,528,Security,S-1-5-19,Logon/Logoff,0,Information,ACME-N6A1H8ZLJ1,c:\users\marco\documents\test_evt\2008_01_30_1451_21_765_0f239d212ea6ad826e026a46f1a96e6a_secevent.evt,"Successful Logon: User Name: LOCAL SERVICE Domain: NT AUTHORITY Logon ID: (0x0,0x3E5) Logon Type: 5 Logon Process: Advapi Authentication Package: Negotiate Workstation Name: Logon GUID: {00000000-0000-0000-0000-000000000000} Caller User Name: %9 Caller Domain: %10 Caller Logon ID: %11 Caller Process ID: %12 Transited Services: %13 Source Network Address: %14 Source Port: %15 Caller Process Name: %16 "
1/30/2008 23:34,95,680,Security,S-1-5-18,Account Logon,0,Information,ACME-N6A1H8ZLJ1,c:\users\marco\documents\test_evt\2008_01_30_1451_21_765_0f239d212ea6ad826e026a46f1a96e6a_secevent.evt,Logon attempt by: MICROSOFT_AUTHENTICATION_PACKAGE_V1_0 Logon account: Caster Troy Source Workstation: ACME-N6A1H8ZLJ1 Error Code: 0x0 
1/30/2008 23:34,96,528,Security,S-1-5-21-1220945662-884357618-682003330-1004,Logon/Logoff,0,Information,ACME-N6A1H8ZLJ1,c:\users\marco\documents\test_evt\2008_01_30_1451_21_765_0f239d212ea6ad826e026a46f1a96e6a_secevent.evt,"Successful Logon: User Name: Caster Troy Domain: ACME-N6A1H8ZLJ1 Logon ID: (0x0,0x7B70) Logon Type: 2 Logon Process: Advapi Authentication Package: Negotiate Workstation Name: ACME-N6A1H8ZLJ1 Logon GUID: {00000000-0000-0000-0000-000000000000} Caller User Name: %9 Caller Domain: %10 Caller Logon ID: %11 Caller Process ID: %12 Transited Services: %13 Source Network Address: %14 Source Port: %15 Caller Process Name: %16 "
1/30/2008 23:34,97,538,Security,S-1-5-21-1220945662-884357618-682003330-1004,Logon/Logoff,0,Information,ACME-N6A1H8ZLJ1,c:\users\marco\documents\test_evt\2008_01_30_1451_21_765_0f239d212ea6ad826e026a46f1a96e6a_secevent.evt,"User Logoff: User Name: Caster Troy Domain: ACME-N6A1H8ZLJ1 Logon ID: (0x0,0x7B70) Logon Type: 2 "
1/30/2008 23:34,98,680,Security,S-1-5-18,Account Logon,0,Information,ACME-N6A1H8ZLJ1,c:\users\marco\documents\test_evt\2008_01_30_1451_21_765_0f239d212ea6ad826e026a46f1a96e6a_secevent.evt,Logon attempt by: MICROSOFT_AUTHENTICATION_PACKAGE_V1_0 Logon account: Caster Troy Source Workstation: ACME-N6A1H8ZLJ1 Error Code: 0x0 
1/30/2008 23:34,99,528,Security,S-1-5-21-1220945662-884357618-682003330-1004,Logon/Logoff,0,Information,ACME-N6A1H8ZLJ1,c:\users\marco\documents\test_evt\2008_01_30_1451_21_765_0f239d212ea6ad826e026a46f1a96e6a_secevent.evt,"Successful Logon: User Name: Caster Troy Domain: ACME-N6A1H8ZLJ1 Logon ID: (0x0,0x7B9D) Logon Type: 2 Logon Process: User32 Authentication Package: Negotiate Workstation Name: ACME-N6A1H8ZLJ1 Logon GUID: {00000000-0000-0000-0000-000000000000} Caller User Name: %9 Caller Domain: %10 Caller Logon ID: %11 Caller Process ID: %12 Transited Services: %13 Source Network Address: %14 Source Port: %15 Caller Process Name: %16 "
1/30/2008 23:34,100,515,Security,S-1-5-18,System Event,0,Information,ACME-N6A1H8ZLJ1,c:\users\marco\documents\test_evt\2008_01_30_1451_21_765_0f239d212ea6ad826e026a46f1a96e6a_secevent.evt,A trusted logon process has registered with the Local Security Authority. This logon process will be trusted to submit logon requests. Logon Process Name: CHAP Caller User Name: %2 Caller Domain: %3 Caller Logon ID: %4 
1/30/2008 23:34,101,515,Security,S-1-5-18,System Event,0,Information,ACME-N6A1H8ZLJ1,c:\users\marco\documents\test_evt\2008_01_30_1451_21_765_0f239d212ea6ad826e026a46f1a96e6a_secevent.evt,A trusted logon process has registered with the Local Security Authority. This logon process will be trusted to submit logon requests. Logon Process Name: LAN Manager Workstation Service Caller User Name: %2 Caller Domain: %3 Caller Logon ID: %4 
1/30/2008 23:34,102,515,Security,S-1-5-18,System Event,0,Information,ACME-N6A1H8ZLJ1,c:\users\marco\documents\test_evt\2008_01_30_1451_21_765_0f239d212ea6ad826e026a46f1a96e6a_secevent.evt,A trusted logon process has registered with the Local Security Authority. This logon process will be trusted to submit logon requests. Logon Process Name: KSecDD Caller User Name: %2 Caller Domain: %3 Caller Logon ID: %4 
1/30/2008 23:34,103,528,Security,S-1-5-19,Logon/Logoff,0,Information,ACME-N6A1H8ZLJ1,c:\users\marco\documents\test_evt\2008_01_30_1451_21_765_0f239d212ea6ad826e026a46f1a96e6a_secevent.evt,"Successful Logon: User Name: LOCAL SERVICE Domain: NT AUTHORITY Logon ID: (0x0,0x3E5) Logon Type: 5 Logon Process: Advapi Authentication Package: Negotiate Workstation Name: Logon GUID: {00000000-0000-0000-0000-000000000000} Caller User Name: %9 Caller Domain: %10 Caller Logon ID: %11 Caller Process ID: %12 Transited Services: %13 Source Network Address: %14 Source Port: %15 Caller Process Name: %16 "
1/30/2008 23:35,104,615,Security,S-1-5-20,Policy Change,0,Information,ACME-N6A1H8ZLJ1,c:\users\marco\documents\test_evt\2008_01_30_1451_21_765_0f239d212ea6ad826e026a46f1a96e6a_secevent.evt,IPSec Services has started successfully. 
1/30/2008 23:35,105,540,Security,S-1-5-7,Logon/Logoff,0,Information,ACME-N6A1H8ZLJ1,c:\users\marco\documents\test_evt\2008_01_30_1451_21_765_0f239d212ea6ad826e026a46f1a96e6a_secevent.evt,"Successful Network Logon: User Name: Domain: Logon ID: (0x0,0x124A7) Logon Type: 3 Logon Process: NtLmSsp Authentication Package: NTLM Workstation Name: Logon GUID: {00000000-0000-0000-0000-000000000000} Caller User Name: %9 Caller Domain: %10 Caller Logon ID: %11 Caller Process ID: %12 Transited Services: %13 Source Network Address: %14 Source Port: %15 Caller Process Name: %16 "
1/30/2008 23:35,106,528,Security,S-1-5-19,Logon/Logoff,0,Information,ACME-N6A1H8ZLJ1,c:\users\marco\documents\test_evt\2008_01_30_1451_21_765_0f239d212ea6ad826e026a46f1a96e6a_secevent.evt,"Successful Logon: User Name: LOCAL SERVICE Domain: NT AUTHORITY Logon ID: (0x0,0x3E5) Logon Type: 5 Logon Process: Advapi Authentication Package: Negotiate Workstation Name: Logon GUID: {00000000-0000-0000-0000-000000000000} Caller User Name: %9 Caller Domain: %10 Caller Logon ID: %11 Caller Process ID: %12 Transited Services: %13 Source Network Address: %14 Source Port: %15 Caller Process Name: %16 "
1/30/2008 8:57,107,520,Security,S-1-5-18,System Event,0,Information,ACME-N6A1H8ZLJ1,c:\users\marco\documents\test_evt\2008_01_30_1451_21_765_0f239d212ea6ad826e026a46f1a96e6a_secevent.evt,"The system time was changed. Process ID: 308 Process Name: C:\Program Files\VMware\VMware Tools\VMwareService.exe Primary User Name: ACME-N6A1H8ZLJ1$ Primary Domain: MSHOME Primary Logon ID: (0x0,0x3E7) Client User Name: ACME-N6A1H8ZLJ1$ Client Domain: MSHOME Client Logon ID: (0x0,0x3E7) Previous Time: 8:43:56 PM 1/30/2008 New Time: 5:57:58 AM 1/30/2008 "
1/30/2008 8:58,108,615,Security,S-1-5-20,Policy Change,0,Information,ACME-N6A1H8ZLJ1,c:\users\marco\documents\test_evt\2008_01_30_1451_21_765_0f239d212ea6ad826e026a46f1a96e6a_secevent.evt,IPSec Services failed to get the complete list of network interfaces on the machine. This can be a potential security hazard to the machine since some of the network interfaces may not get the protection as desired by the applied IPSec filters. Please run IPSec monitor snap-in to further diagnose the problem. 
1/30/2008 8:58,109,551,Security,S-1-5-21-1220945662-884357618-682003330-1004,Logon/Logoff,0,Information,ACME-N6A1H8ZLJ1,c:\users\marco\documents\test_evt\2008_01_30_1451_21_765_0f239d212ea6ad826e026a46f1a96e6a_secevent.evt,"User initiated logoff: User Name: Caster Troy Domain: ACME-N6A1H8ZLJ1 Logon ID: (0x0,0x7b9d) "
1/30/2008 8:58,110,513,Security,S-1-5-18,System Event,0,Information,ACME-N6A1H8ZLJ1,c:\users\marco\documents\test_evt\2008_01_30_1451_21_765_0f239d212ea6ad826e026a46f1a96e6a_secevent.evt,Windows is shutting down. All logon sessions will be terminated by this shutdown.
1/30/2008 9:03,111,512,Security,S-1-5-18,System Event,0,Information,ACME-N6A1H8ZLJ1,c:\users\marco\documents\test_evt\2008_01_30_1451_21_765_0f239d212ea6ad826e026a46f1a96e6a_secevent.evt,Windows is starting up.
1/30/2008 9:03,112,514,Security,S-1-5-18,System Event,0,Information,ACME-N6A1H8ZLJ1,c:\users\marco\documents\test_evt\2008_01_30_1451_21_765_0f239d212ea6ad826e026a46f1a96e6a_secevent.evt,An authentication package has been loaded by the Local Security Authority. This authentication package will be used to authenticate logon attempts. Authentication Package Name: C:\WINDOWS\system32\LSASRV.dll : Negotiate
1/30/2008 9:03,113,514,Security,S-1-5-18,System Event,0,Information,ACME-N6A1H8ZLJ1,c:\users\marco\documents\test_evt\2008_01_30_1451_21_765_0f239d212ea6ad826e026a46f1a96e6a_secevent.evt,An authentication package has been loaded by the Local Security Authority. This authentication package will be used to authenticate logon attempts. Authentication Package Name: C:\WINDOWS\system32\kerberos.dll : Kerberos
1/30/2008 9:03,114,514,Security,S-1-5-18,System Event,0,Information,ACME-N6A1H8ZLJ1,c:\users\marco\documents\test_evt\2008_01_30_1451_21_765_0f239d212ea6ad826e026a46f1a96e6a_secevent.evt,An authentication package has been loaded by the Local Security Authority. This authentication package will be used to authenticate logon attempts. Authentication Package Name: C:\WINDOWS\system32\msv1_0.dll : NTLM
1/30/2008 9:03,115,514,Security,S-1-5-18,System Event,0,Information,ACME-N6A1H8ZLJ1,c:\users\marco\documents\test_evt\2008_01_30_1451_21_765_0f239d212ea6ad826e026a46f1a96e6a_secevent.evt,An authentication package has been loaded by the Local Security Authority. This authentication package will be used to authenticate logon attempts. Authentication Package Name: C:\WINDOWS\system32\schannel.dll : Microsoft Unified Security Protocol Provider
1/30/2008 9:03,116,514,Security,S-1-5-18,System Event,0,Information,ACME-N6A1H8ZLJ1,c:\users\marco\documents\test_evt\2008_01_30_1451_21_765_0f239d212ea6ad826e026a46f1a96e6a_secevent.evt,An authentication package has been loaded by the Local Security Authority. This authentication package will be used to authenticate logon attempts. Authentication Package Name: C:\WINDOWS\system32\schannel.dll : Schannel
1/30/2008 9:03,117,514,Security,S-1-5-18,System Event,0,Information,ACME-N6A1H8ZLJ1,c:\users\marco\documents\test_evt\2008_01_30_1451_21_765_0f239d212ea6ad826e026a46f1a96e6a_secevent.evt,An authentication package has been loaded by the Local Security Authority. This authentication package will be used to authenticate logon attempts. Authentication Package Name: C:\WINDOWS\system32\wdigest.dll : WDigest
1/30/2008 9:03,118,514,Security,S-1-5-18,System Event,0,Information,ACME-N6A1H8ZLJ1,c:\users\marco\documents\test_evt\2008_01_30_1451_21_765_0f239d212ea6ad826e026a46f1a96e6a_secevent.evt,An authentication package has been loaded by the Local Security Authority. This authentication package will be used to authenticate logon attempts. Authentication Package Name: C:\WINDOWS\system32\msv1_0.dll : MICROSOFT_AUTHENTICATION_PACKAGE_V1_0
1/30/2008 9:03,119,515,Security,S-1-5-18,System Event,0,Information,ACME-N6A1H8ZLJ1,c:\users\marco\documents\test_evt\2008_01_30_1451_21_765_0f239d212ea6ad826e026a46f1a96e6a_secevent.evt,A trusted logon process has registered with the Local Security Authority. This logon process will be trusted to submit logon requests. Logon Process Name: KSecDD Caller User Name: %2 Caller Domain: %3 Caller Logon ID: %4 
1/30/2008 9:03,120,515,Security,S-1-5-18,System Event,0,Information,ACME-N6A1H8ZLJ1,c:\users\marco\documents\test_evt\2008_01_30_1451_21_765_0f239d212ea6ad826e026a46f1a96e6a_secevent.evt,A trusted logon process has registered with the Local Security Authority. This logon process will be trusted to submit logon requests. Logon Process Name: Winlogon Caller User Name: %2 Caller Domain: %3 Caller Logon ID: %4 
1/30/2008 9:03,121,515,Security,S-1-5-18,System Event,0,Information,ACME-N6A1H8ZLJ1,c:\users\marco\documents\test_evt\2008_01_30_1451_21_765_0f239d212ea6ad826e026a46f1a96e6a_secevent.evt,A trusted logon process has registered with the Local Security Authority. This logon process will be trusted to submit logon requests. Logon Process Name: Winlogon\MSGina Caller User Name: %2 Caller Domain: %3 Caller Logon ID: %4 
1/30/2008 9:03,122,612,Security,S-1-5-18,Policy Change,0,Information,ACME-N6A1H8ZLJ1,c:\users\marco\documents\test_evt\2008_01_30_1451_21_765_0f239d212ea6ad826e026a46f1a96e6a_secevent.evt,"Audit Policy Change: New Policy: Success Failure + + Logon/Logoff - - Object Access - - Privilege Use + + Account Management + + Policy Change + + System - - Detailed Tracking - - Directory Service Access + + Account Logon Changed By: User Name: ACME-N6A1H8ZLJ1$ Domain Name: MSHOME Logon ID: (0x0,0x3E7)"
1/30/2008 9:03,123,518,Security,S-1-5-18,System Event,0,Information,ACME-N6A1H8ZLJ1,c:\users\marco\documents\test_evt\2008_01_30_1451_21_765_0f239d212ea6ad826e026a46f1a96e6a_secevent.evt,An notification package has been loaded by the Security Account Manager. This package will be notified of any account or password changes. Notification Package Name: scecli
1/30/2008 9:03,124,528,Security,S-1-5-20,Logon/Logoff,0,Information,ACME-N6A1H8ZLJ1,c:\users\marco\documents\test_evt\2008_01_30_1451_21_765_0f239d212ea6ad826e026a46f1a96e6a_secevent.evt,"Successful Logon: User Name: NETWORK SERVICE Domain: NT AUTHORITY Logon ID: (0x0,0x3E4) Logon Type: 5 Logon Process: Advapi Authentication Package: Negotiate Workstation Name: Logon GUID: {00000000-0000-0000-0000-000000000000} Caller User Name: %9 Caller Domain: %10 Caller Logon ID: %11 Caller Process ID: %12 Transited Services: %13 Source Network Address: %14 Source Port: %15 Caller Process Name: %16 "
1/30/2008 9:03,125,528,Security,S-1-5-19,Logon/Logoff,0,Information,ACME-N6A1H8ZLJ1,c:\users\marco\documents\test_evt\2008_01_30_1451_21_765_0f239d212ea6ad826e026a46f1a96e6a_secevent.evt,"Successful Logon: User Name: LOCAL SERVICE Domain: NT AUTHORITY Logon ID: (0x0,0x3E5) Logon Type: 5 Logon Process: Advapi Authentication Package: Negotiate Workstation Name: Logon GUID: {00000000-0000-0000-0000-000000000000} Caller User Name: %9 Caller Domain: %10 Caller Logon ID: %11 Caller Process ID: %12 Transited Services: %13 Source Network Address: %14 Source Port: %15 Caller Process Name: %16 "
1/30/2008 9:03,126,680,Security,S-1-5-18,Account Logon,0,Information,ACME-N6A1H8ZLJ1,c:\users\marco\documents\test_evt\2008_01_30_1451_21_765_0f239d212ea6ad826e026a46f1a96e6a_secevent.evt,Logon attempt by: MICROSOFT_AUTHENTICATION_PACKAGE_V1_0 Logon account: Caster Troy Source Workstation: ACME-N6A1H8ZLJ1 Error Code: 0x0 
1/30/2008 9:03,127,528,Security,S-1-5-21-1220945662-884357618-682003330-1004,Logon/Logoff,0,Information,ACME-N6A1H8ZLJ1,c:\users\marco\documents\test_evt\2008_01_30_1451_21_765_0f239d212ea6ad826e026a46f1a96e6a_secevent.evt,"Successful Logon: User Name: Caster Troy Domain: ACME-N6A1H8ZLJ1 Logon ID: (0x0,0x8A8E) Logon Type: 2 Logon Process: Advapi Authentication Package: Negotiate Workstation Name: ACME-N6A1H8ZLJ1 Logon GUID: {00000000-0000-0000-0000-000000000000} Caller User Name: %9 Caller Domain: %10 Caller Logon ID: %11 Caller Process ID: %12 Transited Services: %13 Source Network Address: %14 Source Port: %15 Caller Process Name: %16 "
1/30/2008 9:03,128,538,Security,S-1-5-21-1220945662-884357618-682003330-1004,Logon/Logoff,0,Information,ACME-N6A1H8ZLJ1,c:\users\marco\documents\test_evt\2008_01_30_1451_21_765_0f239d212ea6ad826e026a46f1a96e6a_secevent.evt,"User Logoff: User Name: Caster Troy Domain: ACME-N6A1H8ZLJ1 Logon ID: (0x0,0x8A8E) Logon Type: 2 "
1/30/2008 9:03,129,680,Security,S-1-5-18,Account Logon,0,Information,ACME-N6A1H8ZLJ1,c:\users\marco\documents\test_evt\2008_01_30_1451_21_765_0f239d212ea6ad826e026a46f1a96e6a_secevent.evt,Logon attempt by: MICROSOFT_AUTHENTICATION_PACKAGE_V1_0 Logon account: Caster Troy Source Workstation: ACME-N6A1H8ZLJ1 Error Code: 0x0 
1/30/2008 9:03,130,528,Security,S-1-5-21-1220945662-884357618-682003330-1004,Logon/Logoff,0,Information,ACME-N6A1H8ZLJ1,c:\users\marco\documents\test_evt\2008_01_30_1451_21_765_0f239d212ea6ad826e026a46f1a96e6a_secevent.evt,"Successful Logon: User Name: Caster Troy Domain: ACME-N6A1H8ZLJ1 Logon ID: (0x0,0x8ABA) Logon Type: 2 Logon Process: User32 Authentication Package: Negotiate Workstation Name: ACME-N6A1H8ZLJ1 Logon GUID: {00000000-0000-0000-0000-000000000000} Caller User Name: %9 Caller Domain: %10 Caller Logon ID: %11 Caller Process ID: %12 Transited Services: %13 Source Network Address: %14 Source Port: %15 Caller Process Name: %16 "
1/30/2008 9:03,131,515,Security,S-1-5-18,System Event,0,Information,ACME-N6A1H8ZLJ1,c:\users\marco\documents\test_evt\2008_01_30_1451_21_765_0f239d212ea6ad826e026a46f1a96e6a_secevent.evt,A trusted logon process has registered with the Local Security Authority. This logon process will be trusted to submit logon requests. Logon Process Name: CHAP Caller User Name: %2 Caller Domain: %3 Caller Logon ID: %4 
1/30/2008 9:03,132,515,Security,S-1-5-18,System Event,0,Information,ACME-N6A1H8ZLJ1,c:\users\marco\documents\test_evt\2008_01_30_1451_21_765_0f239d212ea6ad826e026a46f1a96e6a_secevent.evt,A trusted logon process has registered with the Local Security Authority. This logon process will be trusted to submit logon requests. Logon Process Name: LAN Manager Workstation Service Caller User Name: %2 Caller Domain: %3 Caller Logon ID: %4 
1/30/2008 9:03,133,515,Security,S-1-5-18,System Event,0,Information,ACME-N6A1H8ZLJ1,c:\users\marco\documents\test_evt\2008_01_30_1451_21_765_0f239d212ea6ad826e026a46f1a96e6a_secevent.evt,A trusted logon process has registered with the Local Security Authority. This logon process will be trusted to submit logon requests. Logon Process Name: KSecDD Caller User Name: %2 Caller Domain: %3 Caller Logon ID: %4 
1/30/2008 9:03,134,528,Security,S-1-5-19,Logon/Logoff,0,Information,ACME-N6A1H8ZLJ1,c:\users\marco\documents\test_evt\2008_01_30_1451_21_765_0f239d212ea6ad826e026a46f1a96e6a_secevent.evt,"Successful Logon: User Name: LOCAL SERVICE Domain: NT AUTHORITY Logon ID: (0x0,0x3E5) Logon Type: 5 Logon Process: Advapi Authentication Package: Negotiate Workstation Name: Logon GUID: {00000000-0000-0000-0000-000000000000} Caller User Name: %9 Caller Domain: %10 Caller Logon ID: %11 Caller Process ID: %12 Transited Services: %13 Source Network Address: %14 Source Port: %15 Caller Process Name: %16 "
1/30/2008 9:03,135,615,Security,S-1-5-20,Policy Change,0,Information,ACME-N6A1H8ZLJ1,c:\users\marco\documents\test_evt\2008_01_30_1451_21_765_0f239d212ea6ad826e026a46f1a96e6a_secevent.evt,IPSec Services has started successfully. 
1/30/2008 9:03,136,540,Security,S-1-5-7,Logon/Logoff,0,Information,ACME-N6A1H8ZLJ1,c:\users\marco\documents\test_evt\2008_01_30_1451_21_765_0f239d212ea6ad826e026a46f1a96e6a_secevent.evt,"Successful Network Logon: User Name: Domain: Logon ID: (0x0,0x13959) Logon Type: 3 Logon Process: NtLmSsp Authentication Package: NTLM Workstation Name: Logon GUID: {00000000-0000-0000-0000-000000000000} Caller User Name: %9 Caller Domain: %10 Caller Logon ID: %11 Caller Process ID: %12 Transited Services: %13 Source Network Address: %14 Source Port: %15 Caller Process Name: %16 "
1/30/2008 9:04,137,528,Security,S-1-5-19,Logon/Logoff,0,Information,ACME-N6A1H8ZLJ1,c:\users\marco\documents\test_evt\2008_01_30_1451_21_765_0f239d212ea6ad826e026a46f1a96e6a_secevent.evt,"Successful Logon: User Name: LOCAL SERVICE Domain: NT AUTHORITY Logon ID: (0x0,0x3E5) Logon Type: 5 Logon Process: Advapi Authentication Package: Negotiate Workstation Name: Logon GUID: {00000000-0000-0000-0000-000000000000} Caller User Name: %9 Caller Domain: %10 Caller Logon ID: %11 Caller Process ID: %12 Transited Services: %13 Source Network Address: %14 Source Port: %15 Caller Process Name: %16 "
1/30/2008 9:10,138,515,Security,S-1-5-18,System Event,0,Information,ACME-N6A1H8ZLJ1,c:\users\marco\documents\test_evt\2008_01_30_1451_21_765_0f239d212ea6ad826e026a46f1a96e6a_secevent.evt,A trusted logon process has registered with the Local Security Authority. This logon process will be trusted to submit logon requests. Logon Process Name: RASMAN Caller User Name: %2 Caller Domain: %3 Caller Logon ID: %4 
1/30/2008 9:29,139,551,Security,S-1-5-21-1220945662-884357618-682003330-1004,Logon/Logoff,0,Information,ACME-N6A1H8ZLJ1,c:\users\marco\documents\test_evt\2008_01_30_1451_21_765_0f239d212ea6ad826e026a46f1a96e6a_secevent.evt,"User initiated logoff: User Name: Caster Troy Domain: ACME-N6A1H8ZLJ1 Logon ID: (0x0,0x8aba) "
1/30/2008 9:29,140,513,Security,S-1-5-18,System Event,0,Information,ACME-N6A1H8ZLJ1,c:\users\marco\documents\test_evt\2008_01_30_1451_21_765_0f239d212ea6ad826e026a46f1a96e6a_secevent.evt,Windows is shutting down. All logon sessions will be terminated by this shutdown.
1/30/2008 9:39,141,512,Security,S-1-5-18,System Event,0,Information,ACME-N6A1H8ZLJ1,c:\users\marco\documents\test_evt\2008_01_30_1451_21_765_0f239d212ea6ad826e026a46f1a96e6a_secevent.evt,Windows is starting up.
1/30/2008 9:39,142,514,Security,S-1-5-18,System Event,0,Information,ACME-N6A1H8ZLJ1,c:\users\marco\documents\test_evt\2008_01_30_1451_21_765_0f239d212ea6ad826e026a46f1a96e6a_secevent.evt,An authentication package has been loaded by the Local Security Authority. This authentication package will be used to authenticate logon attempts. Authentication Package Name: C:\WINDOWS\system32\LSASRV.dll : Negotiate
1/30/2008 9:39,143,514,Security,S-1-5-18,System Event,0,Information,ACME-N6A1H8ZLJ1,c:\users\marco\documents\test_evt\2008_01_30_1451_21_765_0f239d212ea6ad826e026a46f1a96e6a_secevent.evt,An authentication package has been loaded by the Local Security Authority. This authentication package will be used to authenticate logon attempts. Authentication Package Name: C:\WINDOWS\system32\kerberos.dll : Kerberos
1/30/2008 9:39,144,514,Security,S-1-5-18,System Event,0,Information,ACME-N6A1H8ZLJ1,c:\users\marco\documents\test_evt\2008_01_30_1451_21_765_0f239d212ea6ad826e026a46f1a96e6a_secevent.evt,An authentication package has been loaded by the Local Security Authority. This authentication package will be used to authenticate logon attempts. Authentication Package Name: C:\WINDOWS\system32\msv1_0.dll : NTLM
1/30/2008 9:39,145,514,Security,S-1-5-18,System Event,0,Information,ACME-N6A1H8ZLJ1,c:\users\marco\documents\test_evt\2008_01_30_1451_21_765_0f239d212ea6ad826e026a46f1a96e6a_secevent.evt,An authentication package has been loaded by the Local Security Authority. This authentication package will be used to authenticate logon attempts. Authentication Package Name: C:\WINDOWS\system32\schannel.dll : Microsoft Unified Security Protocol Provider
1/30/2008 9:39,146,514,Security,S-1-5-18,System Event,0,Information,ACME-N6A1H8ZLJ1,c:\users\marco\documents\test_evt\2008_01_30_1451_21_765_0f239d212ea6ad826e026a46f1a96e6a_secevent.evt,An authentication package has been loaded by the Local Security Authority. This authentication package will be used to authenticate logon attempts. Authentication Package Name: C:\WINDOWS\system32\schannel.dll : Schannel
1/30/2008 9:39,147,514,Security,S-1-5-18,System Event,0,Information,ACME-N6A1H8ZLJ1,c:\users\marco\documents\test_evt\2008_01_30_1451_21_765_0f239d212ea6ad826e026a46f1a96e6a_secevent.evt,An authentication package has been loaded by the Local Security Authority. This authentication package will be used to authenticate logon attempts. Authentication Package Name: C:\WINDOWS\system32\wdigest.dll : WDigest
1/30/2008 9:39,148,514,Security,S-1-5-18,System Event,0,Information,ACME-N6A1H8ZLJ1,c:\users\marco\documents\test_evt\2008_01_30_1451_21_765_0f239d212ea6ad826e026a46f1a96e6a_secevent.evt,An authentication package has been loaded by the Local Security Authority. This authentication package will be used to authenticate logon attempts. Authentication Package Name: C:\WINDOWS\system32\msv1_0.dll : MICROSOFT_AUTHENTICATION_PACKAGE_V1_0
1/30/2008 9:39,149,515,Security,S-1-5-18,System Event,0,Information,ACME-N6A1H8ZLJ1,c:\users\marco\documents\test_evt\2008_01_30_1451_21_765_0f239d212ea6ad826e026a46f1a96e6a_secevent.evt,A trusted logon process has registered with the Local Security Authority. This logon process will be trusted to submit logon requests. Logon Process Name: KSecDD Caller User Name: %2 Caller Domain: %3 Caller Logon ID: %4 
1/30/2008 9:39,150,515,Security,S-1-5-18,System Event,0,Information,ACME-N6A1H8ZLJ1,c:\users\marco\documents\test_evt\2008_01_30_1451_21_765_0f239d212ea6ad826e026a46f1a96e6a_secevent.evt,A trusted logon process has registered with the Local Security Authority. This logon process will be trusted to submit logon requests. Logon Process Name: Winlogon Caller User Name: %2 Caller Domain: %3 Caller Logon ID: %4 
1/30/2008 9:39,151,515,Security,S-1-5-18,System Event,0,Information,ACME-N6A1H8ZLJ1,c:\users\marco\documents\test_evt\2008_01_30_1451_21_765_0f239d212ea6ad826e026a46f1a96e6a_secevent.evt,A trusted logon process has registered with the Local Security Authority. This logon process will be trusted to submit logon requests. Logon Process Name: Winlogon\MSGina Caller User Name: %2 Caller Domain: %3 Caller Logon ID: %4 
1/30/2008 9:39,152,612,Security,S-1-5-18,Policy Change,0,Information,ACME-N6A1H8ZLJ1,c:\users\marco\documents\test_evt\2008_01_30_1451_21_765_0f239d212ea6ad826e026a46f1a96e6a_secevent.evt,"Audit Policy Change: New Policy: Success Failure + + Logon/Logoff - - Object Access - - Privilege Use + + Account Management + + Policy Change + + System - - Detailed Tracking - - Directory Service Access + + Account Logon Changed By: User Name: ACME-N6A1H8ZLJ1$ Domain Name: MSHOME Logon ID: (0x0,0x3E7)"
1/30/2008 9:39,153,518,Security,S-1-5-18,System Event,0,Information,ACME-N6A1H8ZLJ1,c:\users\marco\documents\test_evt\2008_01_30_1451_21_765_0f239d212ea6ad826e026a46f1a96e6a_secevent.evt,An notification package has been loaded by the Security Account Manager. This package will be notified of any account or password changes. Notification Package Name: scecli
1/30/2008 9:39,154,528,Security,S-1-5-20,Logon/Logoff,0,Information,ACME-N6A1H8ZLJ1,c:\users\marco\documents\test_evt\2008_01_30_1451_21_765_0f239d212ea6ad826e026a46f1a96e6a_secevent.evt,"Successful Logon: User Name: NETWORK SERVICE Domain: NT AUTHORITY Logon ID: (0x0,0x3E4) Logon Type: 5 Logon Process: Advapi Authentication Package: Negotiate Workstation Name: Logon GUID: {00000000-0000-0000-0000-000000000000} Caller User Name: %9 Caller Domain: %10 Caller Logon ID: %11 Caller Process ID: %12 Transited Services: %13 Source Network Address: %14 Source Port: %15 Caller Process Name: %16 "
1/30/2008 9:39,155,528,Security,S-1-5-19,Logon/Logoff,0,Information,ACME-N6A1H8ZLJ1,c:\users\marco\documents\test_evt\2008_01_30_1451_21_765_0f239d212ea6ad826e026a46f1a96e6a_secevent.evt,"Successful Logon: User Name: LOCAL SERVICE Domain: NT AUTHORITY Logon ID: (0x0,0x3E5) Logon Type: 5 Logon Process: Advapi Authentication Package: Negotiate Workstation Name: Logon GUID: {00000000-0000-0000-0000-000000000000} Caller User Name: %9 Caller Domain: %10 Caller Logon ID: %11 Caller Process ID: %12 Transited Services: %13 Source Network Address: %14 Source Port: %15 Caller Process Name: %16 "
1/30/2008 9:39,156,680,Security,S-1-5-18,Account Logon,0,Information,ACME-N6A1H8ZLJ1,c:\users\marco\documents\test_evt\2008_01_30_1451_21_765_0f239d212ea6ad826e026a46f1a96e6a_secevent.evt,Logon attempt by: MICROSOFT_AUTHENTICATION_PACKAGE_V1_0 Logon account: Caster Troy Source Workstation: ACME-N6A1H8ZLJ1 Error Code: 0x0 
1/30/2008 9:39,157,528,Security,S-1-5-21-1220945662-884357618-682003330-1004,Logon/Logoff,0,Information,ACME-N6A1H8ZLJ1,c:\users\marco\documents\test_evt\2008_01_30_1451_21_765_0f239d212ea6ad826e026a46f1a96e6a_secevent.evt,"Successful Logon: User Name: Caster Troy Domain: ACME-N6A1H8ZLJ1 Logon ID: (0x0,0x881A) Logon Type: 2 Logon Process: Advapi Authentication Package: Negotiate Workstation Name: ACME-N6A1H8ZLJ1 Logon GUID: {00000000-0000-0000-0000-000000000000} Caller User Name: %9 Caller Domain: %10 Caller Logon ID: %11 Caller Process ID: %12 Transited Services: %13 Source Network Address: %14 Source Port: %15 Caller Process Name: %16 "
1/30/2008 9:39,158,538,Security,S-1-5-21-1220945662-884357618-682003330-1004,Logon/Logoff,0,Information,ACME-N6A1H8ZLJ1,c:\users\marco\documents\test_evt\2008_01_30_1451_21_765_0f239d212ea6ad826e026a46f1a96e6a_secevent.evt,"User Logoff: User Name: Caster Troy Domain: ACME-N6A1H8ZLJ1 Logon ID: (0x0,0x881A) Logon Type: 2 "
1/30/2008 9:39,159,680,Security,S-1-5-18,Account Logon,0,Information,ACME-N6A1H8ZLJ1,c:\users\marco\documents\test_evt\2008_01_30_1451_21_765_0f239d212ea6ad826e026a46f1a96e6a_secevent.evt,Logon attempt by: MICROSOFT_AUTHENTICATION_PACKAGE_V1_0 Logon account: Caster Troy Source Workstation: ACME-N6A1H8ZLJ1 Error Code: 0x0 
1/30/2008 9:39,160,528,Security,S-1-5-21-1220945662-884357618-682003330-1004,Logon/Logoff,0,Information,ACME-N6A1H8ZLJ1,c:\users\marco\documents\test_evt\2008_01_30_1451_21_765_0f239d212ea6ad826e026a46f1a96e6a_secevent.evt,"Successful Logon: User Name: Caster Troy Domain: ACME-N6A1H8ZLJ1 Logon ID: (0x0,0x8845) Logon Type: 2 Logon Process: User32 Authentication Package: Negotiate Workstation Name: ACME-N6A1H8ZLJ1 Logon GUID: {00000000-0000-0000-0000-000000000000} Caller User Name: %9 Caller Domain: %10 Caller Logon ID: %11 Caller Process ID: %12 Transited Services: %13 Source Network Address: %14 Source Port: %15 Caller Process Name: %16 "
1/30/2008 9:39,161,515,Security,S-1-5-18,System Event,0,Information,ACME-N6A1H8ZLJ1,c:\users\marco\documents\test_evt\2008_01_30_1451_21_765_0f239d212ea6ad826e026a46f1a96e6a_secevent.evt,A trusted logon process has registered with the Local Security Authority. This logon process will be trusted to submit logon requests. Logon Process Name: CHAP Caller User Name: %2 Caller Domain: %3 Caller Logon ID: %4 
1/30/2008 9:39,162,515,Security,S-1-5-18,System Event,0,Information,ACME-N6A1H8ZLJ1,c:\users\marco\documents\test_evt\2008_01_30_1451_21_765_0f239d212ea6ad826e026a46f1a96e6a_secevent.evt,A trusted logon process has registered with the Local Security Authority. This logon process will be trusted to submit logon requests. Logon Process Name: LAN Manager Workstation Service Caller User Name: %2 Caller Domain: %3 Caller Logon ID: %4 
1/30/2008 9:39,163,515,Security,S-1-5-18,System Event,0,Information,ACME-N6A1H8ZLJ1,c:\users\marco\documents\test_evt\2008_01_30_1451_21_765_0f239d212ea6ad826e026a46f1a96e6a_secevent.evt,A trusted logon process has registered with the Local Security Authority. This logon process will be trusted to submit logon requests. Logon Process Name: KSecDD Caller User Name: %2 Caller Domain: %3 Caller Logon ID: %4 
1/30/2008 9:39,164,528,Security,S-1-5-19,Logon/Logoff,0,Information,ACME-N6A1H8ZLJ1,c:\users\marco\documents\test_evt\2008_01_30_1451_21_765_0f239d212ea6ad826e026a46f1a96e6a_secevent.evt,"Successful Logon: User Name: LOCAL SERVICE Domain: NT AUTHORITY Logon ID: (0x0,0x3E5) Logon Type: 5 Logon Process: Advapi Authentication Package: Negotiate Workstation Name: Logon GUID: {00000000-0000-0000-0000-000000000000} Caller User Name: %9 Caller Domain: %10 Caller Logon ID: %11 Caller Process ID: %12 Transited Services: %13 Source Network Address: %14 Source Port: %15 Caller Process Name: %16 "
1/30/2008 9:39,165,615,Security,S-1-5-20,Policy Change,0,Information,ACME-N6A1H8ZLJ1,c:\users\marco\documents\test_evt\2008_01_30_1451_21_765_0f239d212ea6ad826e026a46f1a96e6a_secevent.evt,IPSec Services has started successfully. 
1/30/2008 9:39,166,540,Security,S-1-5-7,Logon/Logoff,0,Information,ACME-N6A1H8ZLJ1,c:\users\marco\documents\test_evt\2008_01_30_1451_21_765_0f239d212ea6ad826e026a46f1a96e6a_secevent.evt,"Successful Network Logon: User Name: Domain: Logon ID: (0x0,0x140EE) Logon Type: 3 Logon Process: NtLmSsp Authentication Package: NTLM Workstation Name: Logon GUID: {00000000-0000-0000-0000-000000000000} Caller User Name: %9 Caller Domain: %10 Caller Logon ID: %11 Caller Process ID: %12 Transited Services: %13 Source Network Address: %14 Source Port: %15 Caller Process Name: %16 "
1/30/2008 9:39,167,528,Security,S-1-5-19,Logon/Logoff,0,Information,ACME-N6A1H8ZLJ1,c:\users\marco\documents\test_evt\2008_01_30_1451_21_765_0f239d212ea6ad826e026a46f1a96e6a_secevent.evt,"Successful Logon: User Name: LOCAL SERVICE Domain: NT AUTHORITY Logon ID: (0x0,0x3E5) Logon Type: 5 Logon Process: Advapi Authentication Package: Negotiate Workstation Name: Logon GUID: {00000000-0000-0000-0000-000000000000} Caller User Name: %9 Caller Domain: %10 Caller Logon ID: %11 Caller Process ID: %12 Transited Services: %13 Source Network Address: %14 Source Port: %15 Caller Process Name: %16 "
1/30/2008 9:46,168,551,Security,S-1-5-21-1220945662-884357618-682003330-1004,Logon/Logoff,0,Information,ACME-N6A1H8ZLJ1,c:\users\marco\documents\test_evt\2008_01_30_1451_21_765_0f239d212ea6ad826e026a46f1a96e6a_secevent.evt,"User initiated logoff: User Name: Caster Troy Domain: ACME-N6A1H8ZLJ1 Logon ID: (0x0,0x8845) "
1/30/2008 9:46,169,528,Security,S-1-5-19,Logon/Logoff,0,Information,ACME-N6A1H8ZLJ1,c:\users\marco\documents\test_evt\2008_01_30_1451_21_765_0f239d212ea6ad826e026a46f1a96e6a_secevent.evt,"Successful Logon: User Name: LOCAL SERVICE Domain: NT AUTHORITY Logon ID: (0x0,0x3E5) Logon Type: 5 Logon Process: Advapi Authentication Package: Negotiate Workstation Name: Logon GUID: {00000000-0000-0000-0000-000000000000} Caller User Name: %9 Caller Domain: %10 Caller Logon ID: %11 Caller Process ID: %12 Transited Services: %13 Source Network Address: %14 Source Port: %15 Caller Process Name: %16 "
1/30/2008 9:46,170,528,Security,S-1-5-20,Logon/Logoff,0,Information,ACME-N6A1H8ZLJ1,c:\users\marco\documents\test_evt\2008_01_30_1451_21_765_0f239d212ea6ad826e026a46f1a96e6a_secevent.evt,"Successful Logon: User Name: NETWORK SERVICE Domain: NT AUTHORITY Logon ID: (0x0,0x3E4) Logon Type: 5 Logon Process: Advapi Authentication Package: Negotiate Workstation Name: Logon GUID: {00000000-0000-0000-0000-000000000000} Caller User Name: %9 Caller Domain: %10 Caller Logon ID: %11 Caller Process ID: %12 Transited Services: %13 Source Network Address: %14 Source Port: %15 Caller Process Name: %16 "
1/30/2008 9:47,171,512,Security,S-1-5-18,System Event,0,Information,ACME-N6A1H8ZLJ1,c:\users\marco\documents\test_evt\2008_01_30_1451_21_765_0f239d212ea6ad826e026a46f1a96e6a_secevent.evt,Windows is starting up.
1/30/2008 9:47,172,514,Security,S-1-5-18,System Event,0,Information,ACME-N6A1H8ZLJ1,c:\users\marco\documents\test_evt\2008_01_30_1451_21_765_0f239d212ea6ad826e026a46f1a96e6a_secevent.evt,An authentication package has been loaded by the Local Security Authority. This authentication package will be used to authenticate logon attempts. Authentication Package Name: C:\WINDOWS\system32\LSASRV.dll : Negotiate
1/30/2008 9:47,173,514,Security,S-1-5-18,System Event,0,Information,ACME-N6A1H8ZLJ1,c:\users\marco\documents\test_evt\2008_01_30_1451_21_765_0f239d212ea6ad826e026a46f1a96e6a_secevent.evt,An authentication package has been loaded by the Local Security Authority. This authentication package will be used to authenticate logon attempts. Authentication Package Name: C:\WINDOWS\system32\kerberos.dll : Kerberos
1/30/2008 9:47,174,514,Security,S-1-5-18,System Event,0,Information,ACME-N6A1H8ZLJ1,c:\users\marco\documents\test_evt\2008_01_30_1451_21_765_0f239d212ea6ad826e026a46f1a96e6a_secevent.evt,An authentication package has been loaded by the Local Security Authority. This authentication package will be used to authenticate logon attempts. Authentication Package Name: C:\WINDOWS\system32\msv1_0.dll : NTLM
1/30/2008 9:47,175,514,Security,S-1-5-18,System Event,0,Information,ACME-N6A1H8ZLJ1,c:\users\marco\documents\test_evt\2008_01_30_1451_21_765_0f239d212ea6ad826e026a46f1a96e6a_secevent.evt,An authentication package has been loaded by the Local Security Authority. This authentication package will be used to authenticate logon attempts. Authentication Package Name: C:\WINDOWS\system32\schannel.dll : Microsoft Unified Security Protocol Provider
1/30/2008 9:47,176,514,Security,S-1-5-18,System Event,0,Information,ACME-N6A1H8ZLJ1,c:\users\marco\documents\test_evt\2008_01_30_1451_21_765_0f239d212ea6ad826e026a46f1a96e6a_secevent.evt,An authentication package has been loaded by the Local Security Authority. This authentication package will be used to authenticate logon attempts. Authentication Package Name: C:\WINDOWS\system32\schannel.dll : Schannel
1/30/2008 9:47,177,514,Security,S-1-5-18,System Event,0,Information,ACME-N6A1H8ZLJ1,c:\users\marco\documents\test_evt\2008_01_30_1451_21_765_0f239d212ea6ad826e026a46f1a96e6a_secevent.evt,An authentication package has been loaded by the Local Security Authority. This authentication package will be used to authenticate logon attempts. Authentication Package Name: C:\WINDOWS\system32\wdigest.dll : WDigest
1/30/2008 9:47,178,514,Security,S-1-5-18,System Event,0,Information,ACME-N6A1H8ZLJ1,c:\users\marco\documents\test_evt\2008_01_30_1451_21_765_0f239d212ea6ad826e026a46f1a96e6a_secevent.evt,An authentication package has been loaded by the Local Security Authority. This authentication package will be used to authenticate logon attempts. Authentication Package Name: C:\WINDOWS\system32\msv1_0.dll : MICROSOFT_AUTHENTICATION_PACKAGE_V1_0
1/30/2008 9:47,179,515,Security,S-1-5-18,System Event,0,Information,ACME-N6A1H8ZLJ1,c:\users\marco\documents\test_evt\2008_01_30_1451_21_765_0f239d212ea6ad826e026a46f1a96e6a_secevent.evt,A trusted logon process has registered with the Local Security Authority. This logon process will be trusted to submit logon requests. Logon Process Name: KSecDD Caller User Name: %2 Caller Domain: %3 Caller Logon ID: %4 
1/30/2008 9:47,180,515,Security,S-1-5-18,System Event,0,Information,ACME-N6A1H8ZLJ1,c:\users\marco\documents\test_evt\2008_01_30_1451_21_765_0f239d212ea6ad826e026a46f1a96e6a_secevent.evt,A trusted logon process has registered with the Local Security Authority. This logon process will be trusted to submit logon requests. Logon Process Name: Winlogon Caller User Name: %2 Caller Domain: %3 Caller Logon ID: %4 
1/30/2008 9:47,181,515,Security,S-1-5-18,System Event,0,Information,ACME-N6A1H8ZLJ1,c:\users\marco\documents\test_evt\2008_01_30_1451_21_765_0f239d212ea6ad826e026a46f1a96e6a_secevent.evt,A trusted logon process has registered with the Local Security Authority. This logon process will be trusted to submit logon requests. Logon Process Name: Winlogon\MSGina Caller User Name: %2 Caller Domain: %3 Caller Logon ID: %4 
1/30/2008 9:47,182,612,Security,S-1-5-18,Policy Change,0,Information,ACME-N6A1H8ZLJ1,c:\users\marco\documents\test_evt\2008_01_30_1451_21_765_0f239d212ea6ad826e026a46f1a96e6a_secevent.evt,"Audit Policy Change: New Policy: Success Failure + + Logon/Logoff - - Object Access - - Privilege Use + + Account Management + + Policy Change + + System - - Detailed Tracking - - Directory Service Access + + Account Logon Changed By: User Name: ACME-N6A1H8ZLJ1$ Domain Name: MSHOME Logon ID: (0x0,0x3E7)"
1/30/2008 9:47,183,518,Security,S-1-5-18,System Event,0,Information,ACME-N6A1H8ZLJ1,c:\users\marco\documents\test_evt\2008_01_30_1451_21_765_0f239d212ea6ad826e026a46f1a96e6a_secevent.evt,An notification package has been loaded by the Security Account Manager. This package will be notified of any account or password changes. Notification Package Name: scecli
1/30/2008 9:47,184,528,Security,S-1-5-20,Logon/Logoff,0,Information,ACME-N6A1H8ZLJ1,c:\users\marco\documents\test_evt\2008_01_30_1451_21_765_0f239d212ea6ad826e026a46f1a96e6a_secevent.evt,"Successful Logon: User Name: NETWORK SERVICE Domain: NT AUTHORITY Logon ID: (0x0,0x3E4) Logon Type: 5 Logon Process: Advapi Authentication Package: Negotiate Workstation Name: Logon GUID: {00000000-0000-0000-0000-000000000000} Caller User Name: %9 Caller Domain: %10 Caller Logon ID: %11 Caller Process ID: %12 Transited Services: %13 Source Network Address: %14 Source Port: %15 Caller Process Name: %16 "
1/30/2008 9:47,185,528,Security,S-1-5-19,Logon/Logoff,0,Information,ACME-N6A1H8ZLJ1,c:\users\marco\documents\test_evt\2008_01_30_1451_21_765_0f239d212ea6ad826e026a46f1a96e6a_secevent.evt,"Successful Logon: User Name: LOCAL SERVICE Domain: NT AUTHORITY Logon ID: (0x0,0x3E5) Logon Type: 5 Logon Process: Advapi Authentication Package: Negotiate Workstation Name: Logon GUID: {00000000-0000-0000-0000-000000000000} Caller User Name: %9 Caller Domain: %10 Caller Logon ID: %11 Caller Process ID: %12 Transited Services: %13 Source Network Address: %14 Source Port: %15 Caller Process Name: %16 "
1/30/2008 9:47,186,680,Security,S-1-5-18,Account Logon,0,Information,ACME-N6A1H8ZLJ1,c:\users\marco\documents\test_evt\2008_01_30_1451_21_765_0f239d212ea6ad826e026a46f1a96e6a_secevent.evt,Logon attempt by: MICROSOFT_AUTHENTICATION_PACKAGE_V1_0 Logon account: Caster Troy Source Workstation: ACME-N6A1H8ZLJ1 Error Code: 0x0 
1/30/2008 9:47,187,528,Security,S-1-5-21-1220945662-884357618-682003330-1004,Logon/Logoff,0,Information,ACME-N6A1H8ZLJ1,c:\users\marco\documents\test_evt\2008_01_30_1451_21_765_0f239d212ea6ad826e026a46f1a96e6a_secevent.evt,"Successful Logon: User Name: Caster Troy Domain: ACME-N6A1H8ZLJ1 Logon ID: (0x0,0x8A5F) Logon Type: 2 Logon Process: Advapi Authentication Package: Negotiate Workstation Name: ACME-N6A1H8ZLJ1 Logon GUID: {00000000-0000-0000-0000-000000000000} Caller User Name: %9 Caller Domain: %10 Caller Logon ID: %11 Caller Process ID: %12 Transited Services: %13 Source Network Address: %14 Source Port: %15 Caller Process Name: %16 "
1/30/2008 9:47,188,538,Security,S-1-5-21-1220945662-884357618-682003330-1004,Logon/Logoff,0,Information,ACME-N6A1H8ZLJ1,c:\users\marco\documents\test_evt\2008_01_30_1451_21_765_0f239d212ea6ad826e026a46f1a96e6a_secevent.evt,"User Logoff: User Name: Caster Troy Domain: ACME-N6A1H8ZLJ1 Logon ID: (0x0,0x8A5F) Logon Type: 2 "
1/30/2008 9:47,189,680,Security,S-1-5-18,Account Logon,0,Information,ACME-N6A1H8ZLJ1,c:\users\marco\documents\test_evt\2008_01_30_1451_21_765_0f239d212ea6ad826e026a46f1a96e6a_secevent.evt,Logon attempt by: MICROSOFT_AUTHENTICATION_PACKAGE_V1_0 Logon account: Caster Troy Source Workstation: ACME-N6A1H8ZLJ1 Error Code: 0x0 
1/30/2008 9:47,190,528,Security,S-1-5-21-1220945662-884357618-682003330-1004,Logon/Logoff,0,Information,ACME-N6A1H8ZLJ1,c:\users\marco\documents\test_evt\2008_01_30_1451_21_765_0f239d212ea6ad826e026a46f1a96e6a_secevent.evt,"Successful Logon: User Name: Caster Troy Domain: ACME-N6A1H8ZLJ1 Logon ID: (0x0,0x8A8B) Logon Type: 2 Logon Process: User32 Authentication Package: Negotiate Workstation Name: ACME-N6A1H8ZLJ1 Logon GUID: {00000000-0000-0000-0000-000000000000} Caller User Name: %9 Caller Domain: %10 Caller Logon ID: %11 Caller Process ID: %12 Transited Services: %13 Source Network Address: %14 Source Port: %15 Caller Process Name: %16 "
1/30/2008 9:47,191,515,Security,S-1-5-18,System Event,0,Information,ACME-N6A1H8ZLJ1,c:\users\marco\documents\test_evt\2008_01_30_1451_21_765_0f239d212ea6ad826e026a46f1a96e6a_secevent.evt,A trusted logon process has registered with the Local Security Authority. This logon process will be trusted to submit logon requests. Logon Process Name: CHAP Caller User Name: %2 Caller Domain: %3 Caller Logon ID: %4 
1/30/2008 9:47,192,515,Security,S-1-5-18,System Event,0,Information,ACME-N6A1H8ZLJ1,c:\users\marco\documents\test_evt\2008_01_30_1451_21_765_0f239d212ea6ad826e026a46f1a96e6a_secevent.evt,A trusted logon process has registered with the Local Security Authority. This logon process will be trusted to submit logon requests. Logon Process Name: LAN Manager Workstation Service Caller User Name: %2 Caller Domain: %3 Caller Logon ID: %4 
1/30/2008 9:47,193,515,Security,S-1-5-18,System Event,0,Information,ACME-N6A1H8ZLJ1,c:\users\marco\documents\test_evt\2008_01_30_1451_21_765_0f239d212ea6ad826e026a46f1a96e6a_secevent.evt,A trusted logon process has registered with the Local Security Authority. This logon process will be trusted to submit logon requests. Logon Process Name: KSecDD Caller User Name: %2 Caller Domain: %3 Caller Logon ID: %4 
1/30/2008 9:47,194,528,Security,S-1-5-19,Logon/Logoff,0,Information,ACME-N6A1H8ZLJ1,c:\users\marco\documents\test_evt\2008_01_30_1451_21_765_0f239d212ea6ad826e026a46f1a96e6a_secevent.evt,"Successful Logon: User Name: LOCAL SERVICE Domain: NT AUTHORITY Logon ID: (0x0,0x3E5) Logon Type: 5 Logon Process: Advapi Authentication Package: Negotiate Workstation Name: Logon GUID: {00000000-0000-0000-0000-000000000000} Caller User Name: %9 Caller Domain: %10 Caller Logon ID: %11 Caller Process ID: %12 Transited Services: %13 Source Network Address: %14 Source Port: %15 Caller Process Name: %16 "
1/30/2008 9:47,195,615,Security,S-1-5-20,Policy Change,0,Information,ACME-N6A1H8ZLJ1,c:\users\marco\documents\test_evt\2008_01_30_1451_21_765_0f239d212ea6ad826e026a46f1a96e6a_secevent.evt,IPSec Services has started successfully. 
1/30/2008 9:47,196,540,Security,S-1-5-7,Logon/Logoff,0,Information,ACME-N6A1H8ZLJ1,c:\users\marco\documents\test_evt\2008_01_30_1451_21_765_0f239d212ea6ad826e026a46f1a96e6a_secevent.evt,"Successful Network Logon: User Name: Domain: Logon ID: (0x0,0x13F3E) Logon Type: 3 Logon Process: NtLmSsp Authentication Package: NTLM Workstation Name: Logon GUID: {00000000-0000-0000-0000-000000000000} Caller User Name: %9 Caller Domain: %10 Caller Logon ID: %11 Caller Process ID: %12 Transited Services: %13 Source Network Address: %14 Source Port: %15 Caller Process Name: %16 "
1/30/2008 9:47,197,528,Security,S-1-5-19,Logon/Logoff,0,Information,ACME-N6A1H8ZLJ1,c:\users\marco\documents\test_evt\2008_01_30_1451_21_765_0f239d212ea6ad826e026a46f1a96e6a_secevent.evt,"Successful Logon: User Name: LOCAL SERVICE Domain: NT AUTHORITY Logon ID: (0x0,0x3E5) Logon Type: 5 Logon Process: Advapi Authentication Package: Negotiate Workstation Name: Logon GUID: {00000000-0000-0000-0000-000000000000} Caller User Name: %9 Caller Domain: %10 Caller Logon ID: %11 Caller Process ID: %12 Transited Services: %13 Source Network Address: %14 Source Port: %15 Caller Process Name: %16 "
1/30/2008 9:51,198,551,Security,S-1-5-21-1220945662-884357618-682003330-1004,Logon/Logoff,0,Information,ACME-N6A1H8ZLJ1,c:\users\marco\documents\test_evt\2008_01_30_1451_21_765_0f239d212ea6ad826e026a46f1a96e6a_secevent.evt,"User initiated logoff: User Name: Caster Troy Domain: ACME-N6A1H8ZLJ1 Logon ID: (0x0,0x8a8b) "
1/30/2008 9:51,199,513,Security,S-1-5-18,System Event,0,Information,ACME-N6A1H8ZLJ1,c:\users\marco\documents\test_evt\2008_01_30_1451_21_765_0f239d212ea6ad826e026a46f1a96e6a_secevent.evt,Windows is shutting down. All logon sessions will be terminated by this shutdown.
